timestamp,pm2.5_ug_m3,pm10_ug_m3,ozone_ppb,no2_ppb
2015-01-01,313.22,607.98,41.68,36.39
2015-01-02,186.18,269.55,29.97,32.87
2015-01-03,87.18,131.9,19.71,30.31
2015-01-04,151.84,241.84,25.36,36.91
2015-01-05,146.6,219.13,23.2,34.92
2015-01-06,149.58,252.1,26.83,37.84
2015-01-07,217.87,376.51,28.96,40.15
2015-01-08,229.9,360.95,30.51,43.16
2015-01-09,201.66,397.43,32.94,38.56
2015-01-10,221.02,361.74,34.12,46.39
2015-01-11,205.41,393.2,50.37,47.29
2015-01-12,212.41,345.63,40.08,44.71
2015-01-13,197.61,301.04,39.54,45.88
2015-01-14,164.39,227.38,42.05,41.17
2015-01-15,166.19,283.93,43.25,56.7
2015-01-16,174.98,309.99,34.7,49.41
2015-01-17,196.46,356.2,25.77,53.04
2015-01-18,201.51,359.75,23.22,53.77
2015-01-19,183.35,305.13,25.34,39.88
2015-01-20,165.63,257.04,22.69,34.23
2015-01-21,159.54,235.27,18.56,22.56
2015-01-22,143.68,183.89,6.94,21.82
2015-01-23,128.73,136.07,10.91,17.35
2015-01-24,164.98,200.02,9.35,15.77
2015-01-25,148.59,203.81,16.65,20.83
2015-01-26,129.34,137.86,18.18,25.66
2015-01-27,154.2,217.2,17.11,30.39
2015-01-28,134.6,156.9,15.23,28.6
2015-01-29,173.13,277.0,16.29,38.34
2015-01-30,178.04,272.61,14.91,38.43
2015-01-31,158.59,207.06,17.51,41.36
2015-02-01,211.59,371.05,23.28,58.17
2015-02-02,163.64,219.84,28.38,37.25
2015-02-03,157.71,194.09,28.56,31.05
2015-02-04,137.26,147.08,15.07,29.69
2015-02-05,131.76,127.42,21.7,36.51
2015-02-06,151.6,330.99,33.92,67.0
2015-02-07,160.75,210.52,43.44,57.69
2015-02-08,145.34,215.69,30.43,50.39
2015-02-09,134.67,109.86,20.62,39.18
2015-02-10,153.07,218.23,19.02,42.2
2015-02-11,116.91,316.14,27.17,53.63
2015-02-12,177.98,394.97,25.58,42.73
2015-02-13,167.01,328.43,27.62,44.61
2015-02-14,193.96,412.46,34.22,53.81
2015-02-15,184.06,497.37,40.91,58.15
2015-02-16,152.62,310.74,34.36,44.22
2015-02-17,161.27,195.78,41.62,25.4
2015-02-18,188.2,253.53,36.54,60.29
2015-02-19,159.97,193.78,31.88,40.51
2015-02-20,144.12,162.2,31.61,34.71
2015-02-21,155.38,191.03,30.11,45.11
2015-02-22,124.1,107.61,27.19,31.83
2015-02-23,141.39,157.01,36.86,38.23
2015-02-24,170.16,238.33,37.39,48.4
2015-02-25,148.19,169.57,31.57,29.28
2015-02-26,140.78,171.64,28.72,20.95
2015-02-27,130.42,163.67,34.08,24.75
2015-02-28,105.86,169.28,41.38,20.65
2015-03-01,71.83,98.89,22.51,21.42
2015-03-02,53.71,60.15,22.08,13.43
2015-03-03,83.49,112.1,20.83,23.75
2015-03-04,91.07,139.15,25.83,24.28
2015-03-05,106.57,196.19,32.88,31.12
2015-03-06,101.75,163.14,33.67,26.59
2015-03-07,77.57,90.54,23.09,19.15
2015-03-08,63.24,80.2,20.71,20.35
2015-03-09,76.62,117.38,22.85,18.21
2015-03-10,86.7,150.92,25.87,18.82
2015-03-11,104.29,176.2,29.62,25.63
2015-03-12,115.93,203.75,35.05,32.29
2015-03-13,108.66,173.89,34.05,30.75
2015-03-14,67.94,105.29,23.39,29.78
2015-03-15,38.89,46.68,22.0,17.76
2015-03-16,45.39,74.14,25.55,17.14
2015-03-17,55.55,104.33,23.11,20.96
2015-03-18,50.59,95.56,27.5,16.6
2015-03-19,69.51,136.67,27.07,23.77
2015-03-20,96.62,168.0,29.01,29.04
2015-03-21,96.28,172.91,25.97,29.21
2015-03-22,72.2,122.12,25.48,20.27
2015-03-23,78.47,131.42,27.1,23.04
2015-03-24,91.87,179.36,34.78,30.01
2015-03-25,107.26,201.08,45.78,33.82
2015-03-26,109.78,217.9,40.0,33.02
2015-03-27,62.27,117.81,31.08,24.76
2015-03-28,102.22,212.96,40.23,29.41
2015-03-29,104.36,202.01,32.84,33.86
2015-03-30,44.19,57.0,26.81,17.6
2015-03-31,55.66,78.64,34.15,20.13
2015-04-01,112.86,167.6,38.45,32.71
2015-04-02,78.51,112.78,35.54,20.54
2015-04-03,66.52,76.05,24.85,18.47
2015-04-04,62.56,86.11,27.98,24.96
2015-04-05,78.61,145.1,40.79,27.75
2015-04-06,119.7,195.47,30.32,32.83
2015-04-07,66.09,95.81,43.23,24.47
2015-04-08,95.34,120.2,61.68,34.72
2015-04-09,63.57,148.17,35.18,35.15
2015-04-10,96.56,203.67,59.88,52.77
2015-04-11,131.39,234.65,73.72,59.52
2015-04-12,75.35,91.73,49.21,45.3
2015-04-13,86.49,116.62,62.52,50.3
2015-04-14,77.07,132.68,55.44,42.65
2015-04-15,98.79,161.43,31.14,47.41
2015-04-16,81.81,164.56,59.29,44.06
2015-04-17,65.78,180.67,54.47,40.09
2015-04-18,119.82,268.65,65.72,51.11
2015-04-19,125.53,308.82,65.08,64.73
2015-04-20,121.51,336.63,87.04,60.41
2015-04-21,114.5,327.81,74.49,50.7
2015-04-22,101.83,279.41,69.41,55.27
2015-04-23,118.57,273.68,76.14,76.46
2015-04-24,143.22,313.53,89.42,88.61
2015-04-25,106.76,318.88,93.54,58.87
2015-04-26,65.36,160.3,77.43,31.23
2015-04-27,67.08,174.5,70.74,35.54
2015-04-28,81.37,141.25,70.42,34.88
2015-04-29,63.76,131.56,61.86,42.98
2015-04-30,60.56,171.42,60.18,43.9
2015-05-01,76.1,192.81,53.16,42.99
2015-05-02,72.66,206.1,43.06,62.09
2015-05-03,121.94,334.02,41.71,83.3
2015-05-04,108.98,326.71,37.7,85.5
2015-05-05,145.99,366.85,50.27,107.85
2015-05-06,171.33,346.98,92.66,87.88
2015-05-07,117.76,343.12,75.6,63.18
2015-05-08,90.66,305.38,74.84,56.54
2015-05-09,106.4,285.38,76.38,63.57
2015-05-10,101.21,283.47,67.97,57.51
2015-05-11,97.57,336.82,87.93,42.7
2015-05-12,96.34,293.26,83.43,43.04
2015-05-13,83.42,174.52,55.62,48.61
2015-05-14,78.06,196.08,57.1,42.22
2015-05-15,97.87,240.34,77.87,63.55
2015-05-16,77.52,186.28,73.24,75.5
2015-05-17,97.16,188.39,70.29,57.63
2015-05-18,66.85,172.35,79.02,47.64
2015-05-19,89.85,240.31,79.55,75.47
2015-05-20,67.41,176.25,57.17,52.69
2015-05-21,75.54,335.13,42.61,53.03
2015-05-22,67.91,235.99,64.34,56.84
2015-05-23,69.02,313.73,66.63,52.79
2015-05-24,79.1,251.52,60.08,56.29
2015-05-25,117.27,340.66,95.72,60.65
2015-05-26,96.09,311.08,79.4,51.77
2015-05-27,84.71,231.35,80.71,70.43
2015-05-28,182.76,436.17,83.33,72.67
2015-05-29,106.61,275.6,76.1,64.94
2015-05-30,92.68,239.12,69.95,65.26
2015-05-31,73.62,236.8,87.47,41.86
2015-06-01,49.42,175.39,72.89,48.55
2015-06-02,52.51,117.86,56.2,54.29
2015-06-03,65.28,137.7,41.92,65.25
2015-06-04,85.45,170.55,63.0,62.38
2015-06-05,83.02,241.67,52.03,62.63
2015-06-06,44.54,119.29,37.09,46.37
2015-06-07,85.03,186.2,88.63,77.07
2015-06-08,137.7,269.3,86.2,109.34
2015-06-09,136.05,393.7,58.0,76.88
2015-06-10,63.77,166.31,56.84,31.27
2015-06-11,115.57,259.73,138.5,32.99
2015-06-12,83.29,180.06,68.6,36.36
2015-06-13,73.7,158.24,53.02,52.9
2015-06-14,74.56,121.44,60.88,68.76
2015-06-15,106.11,206.42,86.86,72.79
2015-06-16,132.21,282.05,82.42,81.57
2015-06-17,123.56,271.79,74.01,70.96
2015-06-18,132.21,268.84,87.24,94.25
2015-06-19,110.65,216.46,76.58,65.21
2015-06-20,80.31,160.22,69.37,52.7
2015-06-21,59.73,82.7,52.78,50.78
2015-06-22,85.4,139.2,59.49,58.88
2015-06-23,101.99,152.18,77.04,61.18
2015-06-24,126.07,214.45,83.13,60.31
2015-06-25,37.59,62.38,46.7,44.72
2015-06-26,76.0,182.48,60.99,46.88
2015-06-27,69.46,195.2,53.19,38.55
2015-06-28,79.84,214.78,58.34,47.19
2015-06-29,48.5,96.78,52.21,38.37
2015-06-30,53.79,109.92,58.33,46.06
2015-07-01,57.99,135.43,61.42,49.64
2015-07-02,67.12,175.9,61.7,52.45
2015-07-03,65.25,219.31,59.66,37.09
2015-07-04,88.75,212.16,56.61,35.54
2015-07-05,135.92,435.2,58.36,36.89
2015-07-06,60.27,143.86,58.07,44.07
2015-07-07,52.2,78.64,53.72,51.7
2015-07-08,67.92,127.38,53.94,52.69
2015-07-09,65.95,128.93,42.58,53.39
2015-07-10,47.68,95.1,35.79,46.71
2015-07-11,29.08,41.31,54.03,51.39
2015-07-12,32.29,34.16,40.41,32.77
2015-07-13,36.68,54.36,37.7,37.71
2015-07-14,44.48,112.83,46.71,43.46
2015-07-15,63.79,243.97,52.2,38.05
2015-07-16,77.2,244.69,72.44,36.72
2015-07-17,77.99,148.95,61.43,42.07
2015-07-18,71.11,148.87,56.32,48.79
2015-07-19,67.39,144.11,59.05,52.87
2015-07-20,49.58,83.22,61.55,62.37
2015-07-21,40.97,78.76,46.98,46.3
2015-07-22,38.97,85.89,44.49,41.41
2015-07-23,34.02,81.25,49.72,39.98
2015-07-24,46.13,94.49,47.11,43.99
2015-07-25,46.01,97.0,45.9,42.86
2015-07-26,29.81,86.01,40.73,30.66
2015-07-27,22.82,53.28,36.65,33.21
2015-07-28,24.69,51.98,38.49,40.25
2015-07-29,29.04,56.7,35.89,35.69
2015-07-30,25.76,47.91,26.26,32.96
2015-07-31,37.85,122.18,36.57,35.9
2015-08-01,41.32,126.33,41.27,35.14
2015-08-02,47.81,123.24,46.38,37.96
2015-08-03,56.02,154.28,45.97,40.17
2015-08-04,54.46,136.88,56.88,46.74
2015-08-05,59.13,117.08,54.66,52.78
2015-08-06,65.47,126.56,60.57,52.51
2015-08-07,64.58,154.92,68.17,48.24
2015-08-08,70.05,149.92,62.76,50.51
2015-08-09,55.51,105.17,45.4,39.47
2015-08-10,82.27,140.54,61.52,45.46
2015-08-11,77.04,137.74,62.67,49.43
2015-08-12,52.45,87.66,55.37,45.71
2015-08-13,61.66,116.55,80.63,52.76
2015-08-14,65.67,159.75,69.27,50.96
2015-08-15,51.4,91.81,44.93,44.4
2015-08-16,55.71,93.33,44.79,48.39
2015-08-17,61.84,134.2,45.05,44.41
2015-08-18,60.65,126.2,48.86,56.15
2015-08-19,34.42,124.17,38.86,36.47
2015-08-20,40.83,210.86,42.13,32.0
2015-08-21,50.97,214.05,57.47,35.87
2015-08-22,46.74,149.06,52.48,40.28
2015-08-23,44.67,138.12,33.94,33.76
2015-08-24,37.39,108.4,38.73,44.61
2015-08-25,52.06,222.39,44.9,39.88
2015-08-26,57.52,236.94,40.43,37.85
2015-08-27,61.47,237.68,56.61,40.41
2015-08-28,77.76,206.22,64.07,50.74
2015-08-29,68.53,260.48,65.56,49.3
2015-08-30,57.85,230.76,62.61,39.84
2015-08-31,51.67,220.14,60.73,32.53
2015-09-01,73.78,230.34,61.33,27.42
2015-09-02,97.63,318.24,72.47,29.16
2015-09-03,99.5,278.36,72.94,35.31
2015-09-04,97.31,284.54,71.5,41.7
2015-09-05,76.43,201.89,56.59,29.5
2015-09-06,61.69,168.63,49.32,27.81
2015-09-07,55.19,179.42,52.24,35.49
2015-09-08,63.79,219.51,61.95,38.36
2015-09-09,58.48,195.05,68.21,36.2
2015-09-10,60.29,184.78,68.49,42.1
2015-09-11,67.35,181.99,68.81,46.81
2015-09-12,87.55,178.57,69.36,54.45
2015-09-13,84.57,171.76,64.05,45.36
2015-09-14,111.58,236.34,79.29,60.71
2015-09-15,108.78,217.16,75.63,56.31
2015-09-16,91.18,190.99,69.61,46.44
2015-09-17,104.85,250.21,85.86,60.96
2015-09-18,56.19,129.11,48.8,43.3
2015-09-19,67.62,125.24,51.78,49.83
2015-09-20,64.38,141.89,58.49,62.73
2015-09-21,45.65,109.7,48.02,62.69
2015-09-22,35.75,70.38,39.83,38.78
2015-09-23,34.89,101.42,37.26,31.17
2015-09-24,63.06,187.9,48.78,39.16
2015-09-25,82.39,222.71,53.1,45.09
2015-09-26,88.08,254.8,54.87,45.96
2015-09-27,89.75,252.06,68.69,44.13
2015-09-28,69.57,190.18,53.82,43.41
2015-09-29,68.34,172.35,54.68,48.19
2015-09-30,61.08,155.26,52.91,42.91
2015-10-01,85.7,205.18,60.57,54.68
2015-10-02,97.62,220.56,64.01,52.53
2015-10-03,103.58,293.23,47.52,54.93
2015-10-04,145.97,335.82,44.92,62.84
2015-10-05,180.52,347.95,45.8,75.42
2015-10-06,151.57,355.56,42.22,65.07
2015-10-07,144.04,305.35,49.32,57.05
2015-10-08,148.44,291.66,66.62,58.32
2015-10-09,130.22,284.27,63.16,65.15
2015-10-10,147.71,287.93,58.24,61.29
2015-10-11,111.34,246.3,62.02,51.83
2015-10-12,100.7,232.58,65.55,52.92
2015-10-13,97.67,189.31,73.28,48.92
2015-10-14,75.81,155.25,67.89,43.47
2015-10-15,95.24,199.77,77.91,60.8
2015-10-16,148.29,301.61,84.74,68.24
2015-10-17,90.66,137.89,44.21,20.29
2015-10-18,156.71,263.15,71.1,41.09
2015-10-19,170.28,312.88,92.96,61.67
2015-10-20,198.1,336.47,101.74,74.62
2015-10-21,158.04,265.39,79.5,46.9
2015-10-22,116.98,213.49,48.74,32.96
2015-10-23,143.73,289.01,69.55,67.38
2015-10-24,169.22,341.7,47.92,71.38
2015-10-25,147.65,281.8,65.83,56.46
2015-10-26,101.61,214.37,85.73,47.8
2015-10-27,113.2,260.46,63.88,49.25
2015-10-28,112.89,254.24,71.98,43.78
2015-10-29,95.72,183.08,73.26,57.74
2015-10-30,108.4,156.58,60.56,42.63
2015-10-31,245.97,274.06,42.32,35.11
2015-11-01,277.53,379.38,84.99,60.17
2015-11-02,232.4,361.0,136.67,68.4
2015-11-03,244.78,385.66,99.91,82.74
2015-11-04,293.49,401.49,114.43,87.47
2015-11-05,161.78,234.94,75.71,63.78
2015-11-06,153.33,260.04,69.95,58.13
2015-11-07,353.86,496.61,107.69,86.59
2015-11-08,217.55,356.92,103.4,75.98
2015-11-09,201.44,364.2,108.12,79.2
2015-11-10,249.95,452.96,115.45,84.89
2015-11-11,219.68,408.52,89.58,55.72
2015-11-12,258.48,398.16,75.26,54.69
2015-11-13,291.66,469.38,101.14,61.66
2015-11-14,221.68,377.4,90.08,60.05
2015-11-15,214.24,342.13,101.15,83.62
2015-11-16,184.02,323.56,94.79,85.03
2015-11-17,136.22,280.47,71.44,57.11
2015-11-18,188.09,367.46,86.88,74.39
2015-11-19,238.69,397.16,101.68,96.62
2015-11-20,271.42,470.08,124.74,101.44
2015-11-21,293.73,467.32,114.3,97.76
2015-11-22,247.27,450.96,116.29,92.32
2015-11-23,266.95,419.98,132.26,105.29
2015-11-24,241.61,424.09,113.35,88.74
2015-11-25,149.14,312.85,81.11,54.63
2015-11-26,182.5,317.46,93.71,69.29
2015-11-27,193.58,343.26,90.46,71.35
2015-11-28,172.89,294.29,70.51,47.21
2015-11-29,190.46,342.59,67.97,51.84
2015-11-30,282.76,419.33,131.34,78.48
2015-12-01,183.28,371.83,93.52,83.03
2015-12-02,170.74,399.64,88.0,95.99
2015-12-03,190.14,412.29,86.19,92.91
2015-12-04,186.64,352.14,88.93,79.52
2015-12-05,282.01,433.03,129.79,121.11
2015-12-06,218.22,439.01,122.22,113.45
2015-12-07,249.8,421.49,103.29,103.77
2015-12-08,283.59,478.19,139.79,140.09
2015-12-09,250.69,411.48,131.99,93.99
2015-12-10,211.95,386.66,123.11,78.05
2015-12-11,198.38,410.6,119.41,64.21
2015-12-12,184.12,385.05,122.43,55.01
2015-12-13,135.42,338.3,101.58,63.9
2015-12-14,118.6,380.24,79.22,59.09
2015-12-15,88.3,,25.23,40.52
2015-12-16,111.45,,38.16,34.44
2015-12-17,152.24,,29.89,23.07
2015-12-18,136.75,,20.82,25.24
2015-12-19,114.35,,33.06,26.84
2015-12-20,181.67,,20.58,111.18
2015-12-21,135.78,,20.57,78.99
2015-12-22,204.72,391.9,57.16,136.15
2015-12-23,321.52,589.93,111.69,102.69
2015-12-24,129.08,486.66,32.42,55.01
2015-12-25,132.56,294.13,75.29,71.91
2015-12-26,158.69,331.93,88.64,88.96
2015-12-27,187.01,375.13,98.88,90.57
2015-12-28,148.77,332.68,85.96,75.69
2015-12-29,159.67,325.05,82.69,73.11
2015-12-30,233.97,391.19,94.75,87.4
2015-12-31,240.97,389.18,87.26,72.93
2016-01-01,295.71,476.09,108.14,94.04
2016-01-02,239.21,395.29,90.45,81.22
2016-01-03,270.1,484.82,97.03,76.67
2016-01-04,339.8,586.2,91.2,133.95
2016-01-05,318.1,535.3,131.4,118.81
2016-01-06,305.51,524.01,135.04,103.78
2016-01-07,391.54,587.23,186.07,96.36
2016-01-08,339.87,540.86,150.8,67.85
2016-01-09,158.43,324.64,100.54,60.63
2016-01-10,183.24,345.68,130.02,68.86
2016-01-11,227.13,411.6,140.72,76.4
2016-01-12,195.21,381.19,131.63,78.61
2016-01-13,248.59,399.59,95.93,73.18
2016-01-14,196.87,339.06,97.98,55.91
2016-01-15,178.8,259.53,81.66,45.85
2016-01-16,138.86,220.21,67.4,41.92
2016-01-17,179.48,268.5,78.01,58.56
2016-01-18,269.05,451.43,107.94,78.22
2016-01-19,278.2,430.74,104.61,61.04
2016-01-20,272.1,415.38,100.12,56.67
2016-01-21,196.83,318.08,91.52,52.83
2016-01-22,290.66,418.92,136.52,73.9
2016-01-23,294.3,480.0,147.56,78.21
2016-01-24,303.5,446.28,132.54,64.55
2016-01-25,217.05,362.08,103.53,66.89
2016-01-26,308.75,462.91,139.27,80.14
2016-01-27,255.94,424.11,142.54,87.93
2016-01-28,283.03,463.03,151.6,90.45
2016-01-29,311.08,498.38,175.04,117.07
2016-01-30,285.83,450.72,157.74,111.19
2016-01-31,242.05,291.16,75.74,46.17
2016-02-01,121.4,193.5,90.99,60.12
2016-02-02,135.31,242.87,94.8,63.6
2016-02-03,136.87,273.78,95.15,61.81
2016-02-04,130.76,269.21,85.13,67.45
2016-02-05,206.72,383.25,121.22,86.15
2016-02-06,224.94,348.14,149.67,85.86
2016-02-07,170.45,249.91,95.23,72.61
2016-02-08,119.57,186.86,74.61,57.0
2016-02-09,181.76,261.7,106.92,65.45
2016-02-10,216.55,341.38,129.76,81.98
2016-02-11,150.0,270.49,93.1,70.99
2016-02-12,146.03,296.27,117.2,79.43
2016-02-13,110.89,228.81,101.47,56.05
2016-02-14,103.57,177.49,89.22,61.73
2016-02-15,115.7,219.52,93.47,66.8
2016-02-16,123.22,216.09,95.46,65.75
2016-02-17,135.38,236.15,89.38,80.76
2016-02-18,148.75,217.16,90.48,76.11
2016-02-19,207.1,307.38,108.89,66.45
2016-02-20,150.89,225.66,84.64,47.72
2016-02-21,76.12,137.44,73.2,30.51
2016-02-22,88.73,137.44,75.96,41.47
2016-02-23,86.17,194.61,95.32,56.77
2016-02-24,177.64,309.47,200.41,117.04
2016-02-25,131.69,232.45,97.56,81.93
2016-02-26,129.66,236.27,115.84,76.82
2016-02-27,144.98,245.96,117.3,86.59
2016-02-28,163.92,263.73,130.99,76.43
2016-02-29,170.12,255.34,137.57,76.4
2016-03-01,213.62,299.88,138.3,102.02
2016-03-02,175.63,244.58,157.07,102.23
2016-03-03,165.22,264.31,113.89,100.71
2016-03-04,115.55,201.71,103.88,60.47
2016-03-05,53.0,129.37,84.88,48.15
2016-03-06,47.43,60.61,81.26,55.78
2016-03-07,98.61,167.78,82.97,54.69
2016-03-08,84.42,134.81,61.83,43.9
2016-03-09,109.16,164.84,66.4,49.75
2016-03-10,129.9,240.67,92.04,60.19
2016-03-11,85.76,204.96,36.99,30.44
2016-03-12,60.17,,31.91,15.89
2016-03-13,58.95,,66.25,10.63
2016-03-14,51.82,79.14,55.08,38.11
2016-03-15,81.32,162.38,77.88,34.54
2016-03-16,67.63,152.46,48.58,36.61
2016-03-17,70.86,137.98,73.05,65.89
2016-03-18,72.47,133.3,70.45,64.64
2016-03-19,103.73,194.95,56.49,77.89
2016-03-20,95.52,167.64,97.74,57.84
2016-03-21,58.4,129.21,65.16,36.37
2016-03-22,47.43,139.62,70.69,31.12
2016-03-23,80.01,148.1,84.89,50.45
2016-03-24,156.01,228.19,169.36,88.44
2016-03-25,137.99,217.03,142.38,85.91
2016-03-26,72.44,122.24,66.2,42.51
2016-03-27,61.75,54.0,66.87,37.18
2016-03-28,81.46,110.31,77.27,53.01
2016-03-29,89.75,156.89,67.87,48.72
2016-03-30,88.68,163.7,47.01,46.74
2016-03-31,127.86,218.3,62.15,61.21
2016-04-01,130.7,,29.69,15.89
2016-04-02,118.44,,29.38,18.29
2016-04-03,148.22,217.84,69.66,44.98
2016-04-04,132.86,377.61,63.44,31.55
2016-04-05,97.83,174.11,28.8,20.15
2016-04-06,91.82,202.91,37.04,52.54
2016-04-07,129.61,329.68,32.33,58.6
2016-04-08,89.78,193.14,34.75,53.55
2016-04-09,166.76,272.67,47.93,63.03
2016-04-10,107.81,154.18,31.6,47.95
2016-04-11,81.12,246.86,61.02,36.5
2016-04-12,74.03,201.81,58.47,35.44
2016-04-13,74.9,247.61,58.74,46.29
2016-04-14,94.81,220.48,75.75,58.81
2016-04-15,137.48,285.18,85.91,76.2
2016-04-16,124.13,,35.97,37.49
2016-04-17,102.86,283.02,66.77,42.35
2016-04-18,102.9,219.17,81.29,49.32
2016-04-19,129.06,311.93,98.35,63.21
2016-04-20,124.8,283.05,97.22,48.65
2016-04-21,92.74,265.56,103.07,42.87
2016-04-22,113.75,208.42,110.09,44.8
2016-04-23,89.52,171.92,87.26,50.78
2016-04-24,123.59,219.3,87.66,69.92
2016-04-25,104.5,213.36,87.38,70.04
2016-04-26,139.37,306.08,86.82,97.93
2016-04-27,162.54,379.7,87.74,108.53
2016-04-28,161.23,354.17,117.59,80.4
2016-04-29,181.49,383.05,56.3,88.26
2016-04-30,142.64,,59.71,51.53
2016-05-01,124.21,,74.25,52.3
2016-05-02,119.47,,70.42,41.26
2016-05-03,125.36,284.55,101.53,59.73
2016-05-04,103.08,297.94,91.18,61.77
2016-05-05,65.02,173.86,79.9,46.27
2016-05-06,54.34,136.92,65.26,55.07
2016-05-07,77.89,193.14,75.61,66.68
2016-05-08,90.19,208.75,81.61,64.2
2016-05-09,77.34,168.66,79.06,48.67
2016-05-10,73.55,174.94,68.57,57.52
2016-05-11,66.49,112.6,61.02,52.3
2016-05-12,100.09,207.98,76.43,64.25
2016-05-13,99.88,250.51,95.52,60.29
2016-05-14,105.51,292.64,86.22,67.71
2016-05-15,128.85,379.8,56.63,57.06
2016-05-16,94.89,247.95,62.4,58.46
2016-05-17,92.95,249.27,89.66,62.4
2016-05-18,117.64,266.72,105.42,80.57
2016-05-19,94.22,219.01,85.76,67.73
2016-05-20,70.86,186.97,77.8,52.02
2016-05-21,78.02,233.72,107.9,48.23
2016-05-22,66.3,149.31,101.65,53.42
2016-05-23,87.31,163.9,93.48,45.86
2016-05-24,57.35,103.26,75.38,43.57
2016-05-25,105.02,240.52,126.55,50.77
2016-05-26,111.22,293.73,160.06,48.12
2016-05-27,180.71,379.29,169.35,50.38
2016-05-28,109.82,314.0,120.76,34.37
2016-05-29,42.67,169.36,101.26,35.71
2016-05-30,56.87,101.24,73.43,50.18
2016-05-31,101.54,214.14,83.4,49.41
2016-06-01,76.56,251.87,86.34,44.55
2016-06-02,81.4,298.5,94.77,49.88
2016-06-03,138.97,296.64,129.18,74.99
2016-06-04,137.81,274.63,115.31,75.26
2016-06-05,77.72,166.28,78.8,36.69
2016-06-06,84.61,208.17,100.24,45.47
2016-06-07,66.72,152.18,82.33,45.5
2016-06-08,64.08,143.88,79.75,57.31
2016-06-09,64.95,187.69,84.94,49.67
2016-06-10,75.75,239.74,92.8,51.75
2016-06-11,69.25,225.52,68.93,38.84
2016-06-12,70.71,272.34,70.91,40.04
2016-06-13,96.72,332.91,98.09,34.52
2016-06-14,59.02,197.51,57.42,38.55
2016-06-15,102.42,330.36,65.24,37.74
2016-06-16,62.37,109.42,56.97,30.44
2016-06-17,67.76,120.06,59.25,41.27
2016-06-18,79.17,142.57,68.32,33.98
2016-06-19,101.31,101.54,56.24,32.55
2016-06-20,83.1,84.18,52.76,40.24
2016-06-21,72.33,54.85,43.4,32.04
2016-06-22,75.14,99.89,51.74,31.89
2016-06-23,91.63,98.88,55.92,37.7
2016-06-24,100.02,331.1,101.3,45.29
2016-06-25,67.12,175.26,79.26,50.91
2016-06-26,48.0,86.63,58.37,40.57
2016-06-27,76.76,112.46,51.76,37.28
2016-06-28,80.89,96.05,55.61,40.07
2016-06-29,60.67,68.43,44.44,37.01
2016-06-30,69.65,103.25,51.31,34.17
2016-07-01,58.21,113.1,37.35,29.28
2016-07-02,57.24,96.62,40.49,33.9
2016-07-03,67.6,95.26,48.9,36.79
2016-07-04,57.1,75.83,52.3,37.93
2016-07-05,68.71,162.2,55.57,47.24
2016-07-06,77.71,143.29,57.81,34.78
2016-07-07,54.5,80.82,42.67,27.69
2016-07-08,54.96,98.86,45.55,42.07
2016-07-09,52.95,87.81,45.1,30.77
2016-07-10,59.13,86.18,43.24,35.91
2016-07-11,60.92,74.51,42.22,33.57
2016-07-12,39.32,57.16,43.95,32.55
2016-07-13,71.53,79.1,50.01,31.96
2016-07-14,73.51,56.29,47.3,29.7
2016-07-15,52.88,88.23,36.35,29.17
2016-07-16,50.99,44.48,33.31,22.38
2016-07-17,75.93,38.59,28.11,15.75
2016-07-18,44.08,77.07,36.73,32.85
2016-07-19,42.14,166.27,44.7,31.4
2016-07-20,56.86,203.09,61.07,34.96
2016-07-21,45.64,240.86,56.3,37.8
2016-07-22,48.36,157.41,64.4,37.42
2016-07-23,42.09,80.14,51.32,23.88
2016-07-24,59.4,124.47,65.42,56.56
2016-07-25,76.29,163.57,62.62,58.4
2016-07-26,54.5,95.08,52.3,40.48
2016-07-27,40.55,58.09,56.73,40.86
2016-07-28,46.44,68.69,72.25,42.81
2016-07-29,56.16,76.89,70.34,44.18
2016-07-30,42.7,50.0,49.28,36.78
2016-07-31,48.03,70.62,85.11,32.5
2016-08-01,43.47,53.42,68.03,29.86
2016-08-02,43.55,55.33,91.54,34.87
2016-08-03,50.86,67.92,92.81,36.14
2016-08-04,49.04,87.48,86.42,35.93
2016-08-05,39.3,78.77,63.17,33.68
2016-08-06,43.86,76.69,68.19,38.29
2016-08-07,42.84,75.19,67.17,31.42
2016-08-08,44.04,82.26,73.28,34.27
2016-08-09,41.29,64.76,59.76,29.05
2016-08-10,39.28,54.92,53.53,30.76
2016-08-11,30.66,32.79,54.64,29.78
2016-08-12,42.15,84.46,70.12,34.9
2016-08-13,56.45,92.71,68.22,43.49
2016-08-14,40.81,80.14,81.39,42.53
2016-08-15,39.51,185.99,91.79,32.96
2016-08-16,49.04,245.72,83.64,28.74
2016-08-17,62.19,247.59,85.32,36.46
2016-08-18,55.55,132.65,72.82,51.48
2016-08-19,59.03,153.16,69.54,43.97
2016-08-20,48.57,90.68,59.67,35.84
2016-08-21,28.01,65.58,42.88,27.58
2016-08-22,28.6,78.83,43.07,31.31
2016-08-23,38.99,85.48,50.23,39.47
2016-08-24,43.35,73.22,48.2,32.04
2016-08-25,45.88,118.92,32.24,35.41
2016-08-26,54.13,125.44,41.9,35.61
2016-08-27,56.56,,26.55,20.84
2016-08-28,57.09,170.2,27.7,28.7
2016-08-29,54.73,189.12,40.47,37.48
2016-08-30,48.93,89.57,41.9,42.73
2016-08-31,37.1,60.16,41.57,41.82
2016-09-01,28.06,47.47,54.7,51.78
2016-09-02,44.31,111.18,64.8,41.71
2016-09-03,46.77,208.01,68.7,40.85
2016-09-04,57.64,269.42,56.8,31.96
2016-09-05,45.37,246.81,57.01,33.42
2016-09-06,50.42,282.23,61.24,34.74
2016-09-07,50.73,233.83,75.45,39.21
2016-09-08,71.72,260.6,63.76,39.69
2016-09-09,87.99,277.61,49.75,43.67
2016-09-10,45.7,190.45,55.82,38.14
2016-09-11,45.89,164.1,52.36,40.58
2016-09-12,49.7,178.47,54.62,39.41
2016-09-13,57.08,184.5,63.46,43.84
2016-09-14,47.36,109.64,64.32,45.6
2016-09-15,79.99,198.81,77.97,54.73
2016-09-16,67.11,185.86,70.09,57.22
2016-09-17,81.9,207.91,75.84,56.8
2016-09-18,86.16,185.57,74.51,56.82
2016-09-19,75.02,143.48,88.62,67.37
2016-09-20,94.23,141.3,134.72,86.2
2016-09-21,89.62,131.06,144.45,70.0
2016-09-22,32.73,67.29,72.31,44.35
2016-09-23,55.64,125.31,78.31,57.24
2016-09-24,56.46,112.36,67.97,53.66
2016-09-25,56.64,137.48,73.87,55.69
2016-09-26,89.09,194.71,89.95,68.3
2016-09-27,52.49,109.5,62.19,41.03
2016-09-28,105.43,260.01,113.81,100.66
2016-09-29,101.84,189.62,96.64,63.0
2016-09-30,84.33,179.81,87.95,65.05
2016-10-01,117.28,232.03,109.06,73.71
2016-10-02,81.87,199.61,75.58,59.82
2016-10-03,103.12,210.04,97.36,66.31
2016-10-04,159.8,272.34,123.99,78.18
2016-10-05,81.71,150.37,85.94,77.96
2016-10-06,117.86,229.25,109.08,87.85
2016-10-07,114.06,274.97,97.13,74.99
2016-10-08,132.11,317.62,98.7,76.99
2016-10-09,144.47,317.13,128.17,92.64
2016-10-10,125.8,290.85,112.52,88.86
2016-10-11,134.84,327.75,104.67,83.87
2016-10-12,114.3,309.88,93.47,83.3
2016-10-13,86.93,295.1,78.81,81.11
2016-10-14,94.83,303.27,87.84,87.15
2016-10-15,144.98,368.81,120.33,108.83
2016-10-16,132.01,316.53,99.74,89.01
2016-10-17,149.35,346.31,112.83,94.29
2016-10-18,161.49,352.64,101.0,95.27
2016-10-19,140.57,339.79,73.0,91.52
2016-10-20,135.9,361.08,107.03,90.28
2016-10-21,161.11,477.65,32.06,88.27
2016-10-22,140.92,442.68,53.5,84.96
2016-10-23,182.14,372.09,122.74,90.22
2016-10-24,164.51,367.17,109.22,88.17
2016-10-25,115.76,290.42,83.78,82.7
2016-10-26,209.27,413.49,85.57,111.23
2016-10-27,296.27,535.53,82.06,120.07
2016-10-28,318.57,503.0,107.12,119.42
2016-10-29,350.39,516.59,139.22,162.5
2016-10-30,355.77,528.41,257.73,112.59
2016-10-31,434.92,521.21,153.52,113.21
2016-11-01,394.59,537.51,193.31,120.66
2016-11-02,537.96,693.21,160.01,149.12
2016-11-03,482.4,483.99,108.33,148.92
2016-11-04,342.45,475.1,177.07,131.92
2016-11-05,588.39,763.58,39.05,113.31
2016-11-06,685.36,708.8,39.21,128.15
2016-11-07,488.57,527.64,33.33,123.36
2016-11-08,338.38,471.47,35.0,92.18
2016-11-09,307.08,415.79,33.89,103.26
2016-11-10,291.71,464.27,42.27,133.98
2016-11-11,295.88,491.38,50.03,147.03
2016-11-12,277.67,437.21,43.22,127.18
2016-11-13,228.16,388.97,66.96,113.74
2016-11-14,194.2,266.97,63.1,119.58
2016-11-15,236.09,399.5,37.37,116.66
2016-11-16,291.98,391.88,35.58,109.65
2016-11-17,351.47,412.95,37.74,96.23
2016-11-18,237.21,409.98,37.26,102.95
2016-11-19,285.71,412.35,48.81,114.11
2016-11-20,323.74,350.18,53.69,117.17
2016-11-21,340.61,439.26,50.47,128.85
2016-11-22,281.76,399.82,32.17,111.52
2016-11-23,174.56,443.12,38.25,98.73
2016-11-24,216.1,478.72,35.12,109.5
2016-11-25,136.21,399.13,40.07,68.9
2016-11-26,113.3,325.47,39.94,70.01
2016-11-27,128.7,336.16,38.99,71.29
2016-11-28,127.5,312.58,36.12,82.99
2016-11-29,236.58,489.62,40.89,133.28
2016-11-30,246.25,437.91,44.16,95.64
2016-12-01,263.61,473.72,49.44,83.15
2016-12-02,263.25,422.11,34.89,101.67
2016-12-03,196.6,432.38,34.86,97.75
2016-12-04,223.3,426.63,33.98,109.4
2016-12-05,204.6,417.29,31.6,78.79
2016-12-06,293.91,497.31,38.89,96.68
2016-12-07,283.61,414.27,53.91,81.86
2016-12-08,238.21,374.88,36.02,72.44
2016-12-09,295.62,502.98,38.31,71.44
2016-12-10,189.09,249.35,41.6,58.86
2016-12-11,199.12,294.81,37.83,50.79
2016-12-12,210.28,365.65,30.87,76.9
2016-12-13,209.91,438.88,32.12,76.81
2016-12-14,154.55,336.29,33.54,66.38
2016-12-15,167.64,345.07,34.65,61.53
2016-12-16,200.78,443.63,33.68,85.26
2016-12-17,229.35,450.31,33.35,88.54
2016-12-18,232.33,433.94,34.3,86.92
2016-12-19,236.24,445.54,31.86,88.02
2016-12-20,161.92,324.2,34.48,68.35
2016-12-21,131.95,291.75,33.78,66.67
2016-12-22,187.3,399.43,37.52,82.03
2016-12-23,364.15,616.99,45.0,122.88
2016-12-24,411.8,605.65,41.56,114.03
2016-12-25,232.41,346.57,38.99,59.88
2016-12-26,154.26,307.64,36.31,65.49
2016-12-27,213.2,395.37,36.9,93.45
2016-12-28,273.82,515.41,40.19,129.41
2016-12-29,339.96,535.68,55.09,108.76
2016-12-30,231.1,368.9,43.97,62.46
2016-12-31,211.16,353.61,42.84,56.66
2017-01-01,191.5,402.31,50.03,66.19
2017-01-02,247.79,440.18,47.86,95.55
2017-01-03,255.33,390.67,42.9,90.79
2017-01-04,248.01,341.15,41.13,91.07
2017-01-05,215.42,352.83,41.95,87.15
2017-01-06,194.12,278.62,44.04,65.86
2017-01-07,154.52,170.19,47.75,38.85
2017-01-08,136.98,218.67,45.09,52.31
2017-01-09,141.88,266.86,42.66,64.33
2017-01-10,108.26,239.51,36.04,59.2
2017-01-11,146.04,314.69,29.92,67.72
2017-01-12,216.73,423.24,32.17,79.35
2017-01-13,232.37,426.02,33.09,85.07
2017-01-14,309.28,318.52,29.53,84.75
2017-01-15,222.66,281.83,24.93,63.97
2017-01-16,188.08,284.88,33.86,60.94
2017-01-17,177.67,206.63,36.21,51.44
2017-01-18,218.63,268.67,34.21,66.94
2017-01-19,227.68,225.03,34.42,55.95
2017-01-20,217.55,207.03,39.1,63.7
2017-01-21,349.98,226.74,18.33,63.36
2017-01-22,286.6,360.04,19.1,63.71
2017-01-23,189.45,277.25,20.57,67.27
2017-01-24,230.94,386.49,37.93,92.12
2017-01-25,241.78,370.37,40.58,88.02
2017-01-26,135.87,166.57,34.78,50.39
2017-01-27,74.92,80.21,36.05,42.24
2017-01-28,109.13,144.49,36.87,45.82
2017-01-29,132.35,171.91,39.39,46.68
2017-01-30,166.71,276.2,36.47,65.43
2017-01-31,214.23,316.16,35.58,82.78
2017-02-01,136.02,251.31,34.75,64.08
2017-02-02,198.24,410.79,36.78,93.86
2017-02-03,194.99,427.02,39.02,88.38
2017-02-04,186.65,324.14,43.9,62.01
2017-02-05,146.49,286.46,44.68,49.57
2017-02-06,176.04,414.89,35.21,60.62
2017-02-07,77.85,218.27,36.12,55.29
2017-02-08,129.1,325.78,34.28,69.98
2017-02-09,133.12,303.04,36.78,67.24
2017-02-10,120.43,272.12,35.09,62.77
2017-02-11,129.09,275.18,31.87,58.31
2017-02-12,166.55,250.37,31.11,56.97
2017-02-13,130.62,268.92,36.88,73.3
2017-02-14,168.96,358.24,35.28,81.51
2017-02-15,183.98,386.01,31.92,82.14
2017-02-16,163.86,335.5,31.57,78.82
2017-02-17,112.02,330.9,32.42,72.55
2017-02-18,107.13,352.54,30.24,71.98
2017-02-19,109.38,364.83,29.1,68.84
2017-02-20,126.74,406.49,35.07,67.45
2017-02-21,106.92,303.47,33.71,60.72
2017-02-22,93.03,270.3,38.35,65.62
2017-02-23,182.29,158.96,44.58,55.22
2017-02-24,451.25,104.82,55.11,42.2
2017-02-25,425.22,103.74,55.2,46.64
2017-02-26,328.23,198.09,31.79,59.34
2017-02-27,178.5,255.65,35.64,72.8
2017-02-28,149.73,382.34,38.79,94.66
2017-03-01,127.9,359.47,45.24,79.46
2017-03-02,114.68,300.55,35.22,69.08
2017-03-03,67.83,181.19,32.02,56.64
2017-03-04,82.32,196.84,27.77,60.55
2017-03-05,90.6,229.62,31.88,61.48
2017-03-06,91.6,242.14,30.68,64.99
2017-03-07,112.41,307.78,34.43,65.16
2017-03-08,134.4,224.36,35.35,49.88
2017-03-09,106.45,142.78,45.45,39.68
2017-03-10,68.88,106.39,47.51,33.32
2017-03-11,37.49,110.65,47.14,32.0
2017-03-12,64.42,169.87,42.82,32.11
2017-03-13,74.58,182.79,34.2,27.78
2017-03-14,102.46,284.27,34.99,34.28
2017-03-15,112.71,319.97,32.01,42.06
2017-03-16,125.8,348.95,31.9,42.18
2017-03-17,114.07,288.64,32.6,38.7
2017-03-18,96.39,267.96,33.42,46.65
2017-03-19,120.43,350.42,31.83,51.65
2017-03-20,121.21,332.73,30.92,49.53
2017-03-21,128.51,365.67,28.61,51.94
2017-03-22,120.88,405.64,20.88,69.31
2017-03-23,151.17,342.53,31.7,70.55
2017-03-24,149.42,282.88,19.74,79.52
2017-03-25,168.23,254.71,22.26,83.82
2017-03-26,118.34,247.77,23.14,78.84
2017-03-27,156.38,218.98,23.49,79.24
2017-03-28,152.66,289.95,18.81,85.54
2017-03-29,113.62,311.56,15.36,75.87
2017-03-30,69.44,204.22,14.88,76.28
2017-03-31,91.19,285.69,22.61,84.22
2017-04-01,105.71,291.02,22.94,81.75
2017-04-02,83.36,210.86,34.73,77.96
2017-04-03,70.62,192.27,32.92,83.8
2017-04-04,84.4,234.82,31.95,73.67
2017-04-05,47.67,207.72,29.86,64.65
2017-04-06,62.44,252.48,30.66,67.13
2017-04-07,150.76,543.0,35.44,74.99
2017-04-08,151.25,410.15,36.52,77.6
2017-04-09,68.88,190.42,52.48,68.1
2017-04-10,129.15,237.88,54.89,72.06
2017-04-11,146.59,253.07,45.45,71.58
2017-04-12,107.69,309.37,33.49,61.17
2017-04-13,163.97,375.82,27.66,87.79
2017-04-14,184.69,371.87,43.31,110.15
2017-04-15,176.54,343.62,28.5,102.4
2017-04-16,175.23,409.95,40.1,102.55
2017-04-17,145.22,389.03,35.43,102.55
2017-04-18,152.84,400.78,28.65,88.05
2017-04-19,136.35,356.47,32.02,80.08
2017-04-20,152.99,324.19,49.2,93.15
2017-04-21,130.13,409.7,56.86,103.25
2017-04-22,110.54,263.66,,93.8
2017-04-23,103.42,260.82,55.86,75.05
2017-04-24,99.09,266.24,42.6,61.32
2017-04-25,96.07,287.92,50.43,69.59
2017-04-26,72.31,189.5,38.6,72.94
2017-04-27,93.14,271.06,41.04,73.49
2017-04-28,109.36,271.94,33.66,68.76
2017-04-29,126.74,303.75,40.95,85.21
2017-04-30,80.81,234.05,57.8,65.55
2017-05-01,85.8,211.83,42.85,70.38
2017-05-02,198.2,313.23,58.08,108.48
2017-05-03,145.74,367.73,43.78,97.21
2017-05-04,109.91,302.02,45.95,67.76
2017-05-05,207.4,429.32,50.69,75.66
2017-05-06,204.56,363.53,43.3,92.19
2017-05-07,220.77,376.33,42.33,92.34
2017-05-08,183.82,392.34,39.49,94.19
2017-05-09,109.76,334.65,43.99,65.21
2017-05-10,74.42,242.54,61.69,46.48
2017-05-11,94.28,263.87,68.53,62.22
2017-05-12,216.96,500.59,66.7,70.84
2017-05-13,198.09,356.85,63.83,87.53
2017-05-14,121.76,334.51,41.08,70.37
2017-05-15,135.54,381.35,34.75,75.55
2017-05-16,123.21,375.15,52.5,54.83
2017-05-17,78.18,287.99,48.38,47.84
2017-05-18,126.04,279.92,52.39,50.3
2017-05-19,139.1,329.12,45.33,58.93
2017-05-20,233.82,352.76,46.67,59.74
2017-05-21,178.44,505.07,49.89,52.38
2017-05-22,110.1,386.67,40.92,63.7
2017-05-23,118.43,326.02,39.59,84.21
2017-05-24,107.37,252.35,39.1,80.72
2017-05-25,113.9,222.88,30.8,65.71
2017-05-26,103.75,301.57,53.9,79.07
2017-05-27,69.88,317.07,53.22,50.12
2017-05-28,40.33,150.34,57.01,45.6
2017-05-29,48.95,150.23,49.0,55.2
2017-05-30,63.27,174.62,54.23,64.11
2017-05-31,56.38,137.62,50.95,69.98
2017-06-01,95.23,257.16,65.67,97.33
2017-06-02,123.44,354.35,45.77,131.55
2017-06-03,122.2,362.94,42.56,119.37
2017-06-04,121.1,436.35,29.97,92.68
2017-06-05,71.89,320.91,20.67,64.07
2017-06-06,80.37,348.79,26.41,57.63
2017-06-07,40.87,233.62,39.61,70.77
2017-06-08,41.83,,,79.9
2017-06-09,66.73,295.56,,76.52
2017-06-10,64.63,,,80.04
2017-06-11,43.02,,,77.07
2017-06-12,57.4,166.25,,106.23
2017-06-13,48.6,244.14,,96.64
2017-06-14,62.0,310.73,,86.9
2017-06-15,80.14,205.5,,139.09
2017-06-16,51.6,124.35,,80.43
2017-06-17,41.96,87.16,,70.93
2017-06-18,65.19,218.93,,56.65
2017-06-19,60.9,228.2,,36.63
2017-06-20,35.1,88.82,,99.75
2017-06-21,58.27,87.74,,63.2
2017-06-22,61.93,124.6,,36.35
2017-06-23,44.08,160.22,,103.29
2017-06-24,63.62,245.23,,83.84
2017-06-25,76.1,325.29,,71.42
2017-06-26,51.52,359.19,,53.97
2017-06-27,36.62,286.38,,54.02
2017-06-28,29.83,128.18,,58.02
2017-06-29,22.98,103.8,,35.01
2017-06-30,25.83,90.41,,32.97
2017-07-01,43.35,224.62,,17.4
2017-07-02,20.52,223.56,,11.37
2017-07-03,46.71,246.98,,20.06
2017-07-04,116.12,,,19.37
2017-07-05,50.81,,,14.86
2017-07-06,47.17,,,18.32
2017-07-07,41.42,,,18.21
2017-07-08,45.31,,,23.52
2017-07-09,58.46,,,21.16
2017-07-10,41.92,,,18.81
2017-07-11,33.04,,,21.44
2017-07-12,22.35,,,19.98
2017-07-13,22.44,,,21.59
2017-07-14,30.35,,,38.36
2017-07-15,32.02,,,77.47
2017-07-16,38.77,,,76.98
2017-07-17,33.56,,,86.61
2017-07-18,37.67,,,126.91
2017-07-19,55.96,,,137.15
2017-07-20,28.88,,,61.54
2017-07-21,23.12,,,23.67
2017-07-22,18.54,,,19.9
2017-07-23,22.65,,,18.22
2017-07-24,17.52,,,19.95
2017-07-25,22.17,,,18.1
2017-07-26,20.17,,,21.95
2017-07-27,24.42,,,25.33
2017-07-28,25.71,,,24.07
2017-07-29,27.25,,,22.87
2017-07-30,10.88,,,20.58
2017-07-31,17.1,,,26.19
2017-08-01,17.24,,,23.4
2017-08-02,27.56,,,26.54
2017-08-03,27.29,,,29.16
2017-08-04,42.65,,,33.74
2017-08-05,53.69,,,42.98
2017-08-06,61.44,,,41.75
2017-08-07,57.42,,,32.2
2017-08-08,36.58,,,29.91
2017-08-09,50.42,,,48.7
2017-08-10,48.6,,,64.0
2017-08-11,21.83,,,35.39
2017-08-12,,,,
2017-08-13,,,,
2017-08-14,26.54,,,88.07
2017-08-15,30.12,,,49.91
2017-08-16,35.23,,,64.66
2017-08-17,39.6,,,68.78
2017-08-18,46.25,,,60.15
2017-08-19,35.48,,,39.67
2017-08-20,22.15,,,30.28
2017-08-21,25.5,,,24.42
2017-08-22,46.0,,,38.7
2017-08-23,36.54,,,43.43
2017-08-24,47.79,,,45.26
2017-08-25,51.33,,,39.3
2017-08-26,62.33,,,37.65
2017-08-27,34.3,,,34.06
2017-08-28,23.82,,13.61,27.89
2017-08-29,15.23,,,69.8
2017-08-30,20.5,,,101.89
2017-08-31,41.62,60.15,27.78,50.7
2017-09-01,25.58,41.64,24.03,26.64
2017-09-02,20.06,45.86,25.0,26.09
2017-09-03,38.19,79.78,25.07,27.32
2017-09-04,47.89,84.29,24.93,25.85
2017-09-05,35.61,75.82,25.08,30.29
2017-09-06,39.41,85.23,24.95,35.92
2017-09-07,40.34,67.06,24.93,23.75
2017-09-08,51.7,101.89,25.88,16.52
2017-09-09,54.83,111.65,25.77,17.54
2017-09-10,60.46,119.5,26.39,19.76
2017-09-11,63.97,120.06,27.92,20.25
2017-09-12,46.65,103.84,24.84,16.56
2017-09-13,54.77,143.16,24.38,10.76
2017-09-14,80.47,186.11,26.98,31.88
2017-09-15,64.37,127.68,27.32,34.75
2017-09-16,51.56,82.26,26.7,36.6
2017-09-17,53.05,85.65,26.7,37.33
2017-09-18,60.83,102.29,30.08,56.67
2017-09-19,55.55,112.21,28.73,34.72
2017-09-20,70.81,111.9,31.95,21.49
2017-09-21,55.93,76.81,23.1,22.74
2017-09-22,11.81,18.59,24.88,22.4
2017-09-23,17.76,43.57,22.19,18.63
2017-09-24,35.5,81.42,22.63,17.01
2017-09-25,50.09,100.02,24.48,27.25
2017-09-26,66.12,114.15,30.45,27.52
2017-09-27,80.94,125.39,29.26,21.39
2017-09-28,75.4,102.91,34.06,38.55
2017-09-29,89.38,140.94,40.26,29.45
2017-09-30,74.2,125.73,38.44,26.08
2017-10-01,68.47,120.56,32.9,28.66
2017-10-02,63.41,128.15,30.1,25.2
2017-10-03,69.45,127.48,34.34,26.09
2017-10-04,76.81,138.81,35.79,28.99
2017-10-05,75.73,125.31,36.81,24.45
2017-10-06,79.81,111.43,38.67,27.44
2017-10-07,70.98,151.15,34.44,25.61
2017-10-08,102.2,155.03,35.32,24.51
2017-10-09,107.63,173.87,31.11,27.06
2017-10-10,105.88,158.68,30.89,31.67
2017-10-11,104.45,122.3,29.67,30.92
2017-10-12,106.85,186.91,35.14,31.1
2017-10-13,137.42,207.87,37.98,29.16
2017-10-14,147.07,208.87,42.39,30.14
2017-10-15,147.83,195.47,37.15,30.0
2017-10-16,152.61,213.98,30.49,58.53
2017-10-17,121.7,212.35,30.46,57.08
2017-10-18,152.16,204.03,35.86,63.15
2017-10-19,176.17,259.0,36.35,53.51
2017-10-20,426.52,387.13,41.14,54.76
2017-10-21,213.12,317.52,34.52,50.13
2017-10-22,146.01,201.91,34.88,55.88
2017-10-23,163.35,242.73,52.91,64.25
2017-10-24,188.24,331.64,86.13,81.33
2017-10-25,203.03,326.46,106.16,80.62
2017-10-26,178.91,290.41,99.71,90.56
2017-10-27,167.54,293.68,82.93,65.44
2017-10-28,198.37,329.05,110.71,84.45
2017-10-29,187.82,300.92,83.99,60.61
2017-10-30,196.37,308.22,88.38,69.51
2017-10-31,211.64,323.45,65.34,53.08
2017-11-01,179.17,265.9,56.79,46.83
2017-11-02,160.69,227.41,61.91,47.7
2017-11-03,168.16,239.73,62.16,46.49
2017-11-04,190.33,292.7,73.16,47.28
2017-11-05,209.61,334.64,86.74,60.56
2017-11-06,216.53,330.27,72.82,57.27
2017-11-07,517.93,654.68,56.06,65.17
2017-11-08,639.19,796.88,55.51,77.51
2017-11-09,495.9,652.21,86.62,81.67
2017-11-10,370.73,496.48,104.94,80.73
2017-11-11,363.77,511.44,95.54,78.61
2017-11-12,465.08,622.4,88.03,70.1
2017-11-13,354.56,498.63,94.42,65.77
2017-11-14,254.36,365.91,69.5,56.46
2017-11-15,192.04,279.26,60.28,57.85
2017-11-16,191.57,278.95,62.01,53.86
2017-11-17,150.79,220.08,47.92,47.38
2017-11-18,143.51,202.59,37.68,43.91
2017-11-19,128.65,190.51,47.8,45.6
2017-11-20,171.34,249.28,54.08,52.73
2017-11-21,178.08,253.38,57.13,54.75
2017-11-22,177.41,258.11,57.6,54.64
2017-11-23,175.56,251.23,54.34,55.04
2017-11-24,187.97,256.92,54.02,64.15
2017-11-25,185.31,268.09,48.1,76.48
2017-11-26,224.37,338.82,44.82,67.6
2017-11-27,198.34,328.09,41.09,68.93
2017-11-28,167.74,290.47,34.78,62.53
2017-11-29,215.17,327.64,40.91,75.37
2017-11-30,219.84,344.17,44.4,57.73
2017-12-01,190.45,309.07,31.62,56.83
2017-12-02,208.87,324.46,36.62,65.66
2017-12-03,240.87,359.22,37.61,65.83
2017-12-04,261.82,390.1,32.64,65.49
2017-12-05,230.56,358.86,50.69,64.61
2017-12-06,120.91,210.21,43.68,51.02
2017-12-07,88.95,170.12,41.43,45.83
2017-12-08,115.08,204.38,50.26,53.85
2017-12-09,165.76,268.35,68.58,70.14
2017-12-10,230.34,341.87,90.07,83.94
2017-12-11,218.87,338.45,66.07,71.25
2017-12-12,109.18,152.76,38.75,45.94
2017-12-13,134.99,203.48,46.28,40.27
2017-12-14,126.67,189.9,42.19,36.59
2017-12-15,127.57,194.15,38.04,34.73
2017-12-16,100.72,152.72,23.98,29.84
2017-12-17,95.58,163.65,36.4,37.37
2017-12-18,115.19,189.64,45.37,45.8
2017-12-19,168.33,257.19,49.68,54.84
2017-12-20,283.24,410.74,67.35,66.41
2017-12-21,293.14,435.23,66.06,61.63
2017-12-22,157.72,241.38,48.84,50.73
2017-12-23,117.72,181.59,43.85,50.97
2017-12-24,203.18,301.71,59.85,66.65
2017-12-25,259.0,368.35,56.1,58.92
2017-12-26,224.42,326.11,38.93,57.6
2017-12-27,224.27,317.87,58.98,65.61
2017-12-28,249.17,362.39,66.0,70.25
2017-12-29,227.28,347.63,61.36,59.7
2017-12-30,273.56,401.15,61.73,60.4
2017-12-31,306.17,445.58,76.45,66.97
2018-01-01,303.41,415.09,68.75,63.92
2018-01-02,277.48,422.59,68.68,53.73
2018-01-03,217.01,336.87,54.94,52.24
2018-01-04,248.54,377.61,66.31,61.57
2018-01-05,240.42,360.99,48.57,54.8
2018-01-06,252.57,378.9,39.65,59.12
2018-01-07,191.66,292.74,57.39,47.02
2018-01-08,152.98,259.13,54.55,51.6
2018-01-09,233.1,355.21,66.79,66.19
2018-01-10,186.26,294.24,58.51,60.21
2018-01-11,154.64,243.95,56.22,63.57
2018-01-12,168.87,281.06,62.37,65.3
2018-01-13,230.5,355.43,75.14,61.28
2018-01-14,191.47,308.74,64.8,54.37
2018-01-15,177.71,309.85,59.73,52.51
2018-01-16,133.56,231.04,54.0,46.86
2018-01-17,235.06,353.55,64.1,47.86
2018-01-18,276.25,428.08,72.89,55.08
2018-01-19,253.7,398.16,73.6,49.45
2018-01-20,152.33,252.92,43.18,38.87
2018-01-21,153.61,274.5,41.49,44.09
2018-01-22,202.11,352.68,68.33,56.45
2018-01-23,160.79,248.48,48.67,47.26
2018-01-24,130.16,192.19,42.04,35.33
2018-01-25,111.75,167.31,43.99,40.13
2018-01-26,128.45,207.66,44.09,38.17
2018-01-27,155.2,271.1,56.12,45.14
2018-01-28,150.96,248.26,54.01,47.6
2018-01-29,162.48,272.45,60.56,54.51
2018-01-30,126.84,212.59,56.85,47.59
2018-01-31,123.48,205.56,53.7,45.46
2018-02-01,157.33,298.58,60.7,63.88
2018-02-02,140.35,282.16,52.12,54.28
2018-02-03,115.05,239.61,52.29,51.46
2018-02-04,133.8,252.13,52.23,46.74
2018-02-05,163.6,308.37,43.11,63.42
2018-02-06,143.29,274.72,41.11,56.51
2018-02-07,131.49,246.92,49.34,54.53
2018-02-08,186.19,338.61,45.91,74.83
2018-02-09,203.33,348.94,49.11,74.5
2018-02-10,209.7,373.06,53.31,99.06
2018-02-11,148.13,300.96,43.54,62.4
2018-02-12,72.36,153.11,37.47,33.08
2018-02-13,103.93,170.12,38.83,46.48
2018-02-14,76.92,149.43,38.43,34.92
2018-02-15,94.49,173.59,40.95,38.54
2018-02-16,123.19,219.11,38.4,48.33
2018-02-17,127.8,244.27,44.13,49.9
2018-02-18,127.27,234.67,45.75,50.94
2018-02-19,172.55,315.75,49.74,71.76
2018-02-20,167.16,317.53,51.27,68.29
2018-02-21,172.99,346.46,57.47,92.54
2018-02-22,159.67,313.47,47.69,66.4
2018-02-23,163.75,333.99,48.62,70.77
2018-02-24,164.2,349.29,55.26,62.66
2018-02-25,106.26,222.46,43.87,42.88
2018-02-26,67.27,156.72,43.19,33.59
2018-02-27,85.53,178.51,40.51,43.12
2018-02-28,143.25,279.26,46.16,52.5
2018-03-01,120.71,256.86,40.69,51.74
2018-03-02,139.18,253.32,45.55,50.64
2018-03-03,98.25,205.92,38.38,41.07
2018-03-04,79.83,182.26,34.95,39.02
2018-03-05,76.96,164.74,40.45,39.58
2018-03-06,75.45,163.52,44.99,37.92
2018-03-07,87.62,178.53,45.24,45.6
2018-03-08,139.88,283.57,57.76,79.5
2018-03-09,134.76,274.89,52.43,65.86
2018-03-10,75.67,171.69,41.74,39.85
2018-03-11,88.3,183.74,46.28,41.81
2018-03-12,105.29,223.67,44.49,45.32
2018-03-13,109.22,245.66,43.79,56.5
2018-03-14,116.62,328.98,48.03,64.82
2018-03-15,108.98,314.72,37.77,48.86
2018-03-16,111.67,256.67,43.04,41.48
2018-03-17,81.57,170.16,37.89,32.61
2018-03-18,82.15,173.07,45.83,31.72
2018-03-19,81.93,197.13,44.89,43.85
2018-03-20,109.99,249.2,51.95,55.71
2018-03-21,133.53,280.94,52.82,45.33
2018-03-22,83.4,176.02,45.99,33.49
2018-03-23,64.2,151.45,46.6,34.53
2018-03-24,78.4,186.62,50.02,37.32
2018-03-25,85.34,190.95,54.47,34.66
2018-03-26,85.9,198.67,52.72,41.2
2018-03-27,111.26,256.4,49.55,60.75
2018-03-28,117.78,280.25,57.85,71.04
2018-03-29,95.98,217.49,57.43,41.56
2018-03-30,96.45,241.13,58.75,45.84
2018-03-31,101.59,292.49,67.56,44.76
2018-04-01,75.14,199.8,68.76,37.97
2018-04-02,96.38,241.96,64.33,48.52
2018-04-03,101.18,252.21,67.6,51.63
2018-04-04,111.82,262.69,65.46,52.51
2018-04-05,152.56,337.64,64.73,60.24
2018-04-06,100.5,231.2,54.04,44.92
2018-04-07,48.46,132.97,54.42,36.94
2018-04-08,50.27,137.52,56.29,34.29
2018-04-09,49.56,123.41,42.76,39.45
2018-04-10,93.89,251.98,60.94,45.16
2018-04-11,48.61,125.53,46.34,32.33
2018-04-12,46.21,109.03,48.2,40.94
2018-04-13,83.96,196.02,47.74,54.68
2018-04-14,97.16,235.01,47.69,59.41
2018-04-15,107.36,258.52,53.47,67.79
2018-04-16,119.75,334.05,55.85,76.17
2018-04-17,81.97,260.67,49.19,57.84
2018-04-18,73.44,256.18,51.01,40.44
2018-04-19,89.49,282.24,53.3,51.78
2018-04-20,100.01,385.04,48.98,40.56
2018-04-21,119.24,480.07,61.05,30.99
2018-04-22,62.06,208.53,60.81,31.63
2018-04-23,76.11,219.94,63.78,39.43
2018-04-24,108.64,274.05,59.45,57.07
2018-04-25,117.56,313.41,48.81,82.47
2018-04-26,142.82,397.1,65.07,78.5
2018-04-27,107.47,336.49,69.49,49.86
2018-04-28,84.13,316.52,75.5,36.11
2018-04-29,89.1,259.12,69.07,42.57
2018-04-30,79.3,214.51,60.39,46.42
2018-05-01,54.88,165.91,65.54,33.37
2018-05-02,66.74,189.28,64.55,34.14
2018-05-03,47.25,153.75,50.16,31.77
2018-05-04,49.09,123.82,59.09,30.44
2018-05-05,74.82,196.76,59.48,46.75
2018-05-06,110.48,290.63,57.57,53.69
2018-05-07,111.95,302.1,57.48,54.75
2018-05-08,61.0,177.71,61.42,27.66
2018-05-09,71.99,177.76,53.1,46.09
2018-05-10,93.45,215.34,57.78,52.15
2018-05-11,132.39,315.8,65.24,65.41
2018-05-12,144.33,353.5,67.9,74.13
2018-05-13,80.64,236.35,67.88,31.22
2018-05-14,49.22,137.39,56.2,40.3
2018-05-15,67.23,177.03,62.52,39.81
2018-05-16,78.74,221.21,54.41,41.79
2018-05-17,105.99,288.92,70.39,44.14
2018-05-18,96.96,241.99,58.67,53.88
2018-05-19,103.98,284.44,57.66,65.52
2018-05-20,83.66,228.61,55.77,45.88
2018-05-21,71.25,209.67,60.27,42.68
2018-05-22,91.16,243.14,59.41,59.07
2018-05-23,129.23,324.0,59.46,77.28
2018-05-24,114.13,298.07,53.43,57.51
2018-05-25,83.88,249.82,48.95,59.34
2018-05-26,103.02,263.49,49.85,64.88
2018-05-27,97.37,314.96,56.75,58.31
2018-05-28,117.56,290.96,59.11,54.01
2018-05-29,112.6,312.18,59.1,60.34
2018-05-30,65.76,295.94,59.9,33.21
2018-05-31,71.99,235.22,50.6,40.76
2018-06-01,79.98,233.97,58.87,30.14
2018-06-02,52.6,154.66,60.12,29.28
2018-06-03,59.52,140.21,57.87,31.51
2018-06-04,64.42,179.31,57.03,30.68
2018-06-05,61.72,152.57,48.46,27.67
2018-06-06,57.68,159.45,48.47,31.11
2018-06-07,73.77,165.33,60.18,33.8
2018-06-08,76.78,196.34,54.22,31.27
2018-06-09,52.79,136.75,41.95,27.39
2018-06-10,67.02,141.09,45.16,34.23
2018-06-11,73.22,218.14,46.66,34.85
2018-06-12,141.28,497.9,37.85,31.72
2018-06-13,261.77,743.98,27.45,25.75
2018-06-14,225.49,761.91,43.38,25.37
2018-06-15,153.28,613.34,40.15,24.61
2018-06-16,127.32,516.85,45.76,25.0
2018-06-17,84.47,289.18,44.56,22.78
2018-06-18,61.06,166.71,46.41,26.68
2018-06-19,52.76,152.06,53.39,26.52
2018-06-20,67.55,201.22,60.2,33.71
2018-06-21,76.98,273.16,66.75,34.82
2018-06-22,83.98,247.55,64.38,45.06
2018-06-23,81.33,242.29,66.18,44.23
2018-06-24,54.15,163.89,59.17,34.98
2018-06-25,46.9,155.61,39.06,34.92
2018-06-26,29.98,92.12,33.09,34.16
2018-06-27,52.48,111.4,44.04,31.0
2018-06-28,30.07,71.42,33.17,29.01
2018-06-29,37.11,84.12,31.43,30.43
2018-06-30,41.41,103.75,31.21,32.89
2018-07-01,34.18,97.81,28.09,28.46
2018-07-02,34.24,122.23,33.79,25.74
2018-07-03,44.55,109.65,39.78,37.27
2018-07-04,45.76,113.75,45.71,31.17
2018-07-05,50.41,133.6,41.14,38.05
2018-07-06,57.12,163.19,40.01,36.71
2018-07-07,61.93,158.13,53.82,34.43
2018-07-08,68.2,179.05,65.27,39.85
2018-07-09,70.48,169.96,54.8,35.14
2018-07-10,47.48,112.45,43.89,28.19
2018-07-11,39.78,102.39,34.6,31.82
2018-07-12,46.53,127.08,45.16,34.22
2018-07-13,28.44,61.6,26.96,31.94
2018-07-14,33.82,70.35,29.2,31.63
2018-07-15,37.76,78.42,28.01,28.9
2018-07-16,37.32,83.03,23.59,33.31
2018-07-17,34.26,84.78,31.96,30.73
2018-07-18,37.76,97.11,32.43,29.45
2018-07-19,35.04,83.54,31.96,27.41
2018-07-20,37.26,80.33,24.18,33.46
2018-07-21,50.21,95.93,32.23,36.48
2018-07-22,25.81,47.63,24.91,27.55
2018-07-23,32.39,69.73,26.11,28.74
2018-07-24,39.3,94.8,34.46,29.15
2018-07-25,34.7,80.13,21.39,27.58
2018-07-26,32.22,57.98,18.6,25.1
2018-07-27,21.75,35.79,19.82,23.41
2018-07-28,37.69,67.2,24.11,21.59
2018-07-29,44.03,116.89,26.19,25.02
2018-07-30,39.89,122.86,28.09,25.06
2018-07-31,50.59,165.4,27.81,28.84
2018-08-01,55.77,195.09,29.94,26.14
2018-08-02,71.5,268.29,29.3,25.2
2018-08-03,65.46,248.8,28.1,26.08
2018-08-04,69.75,264.97,29.61,28.77
2018-08-05,63.57,246.89,25.4,24.82
2018-08-06,50.64,131.76,27.42,26.59
2018-08-07,44.54,110.19,32.06,26.15
2018-08-08,36.7,76.04,31.12,25.24
2018-08-09,36.84,91.15,34.11,24.98
2018-08-10,46.24,115.63,31.83,34.82
2018-08-11,32.72,98.26,27.66,24.06
2018-08-12,25.7,83.58,23.92,23.5
2018-08-13,32.75,106.03,27.7,25.04
2018-08-14,46.85,126.7,32.47,29.49
2018-08-15,43.0,117.21,34.04,23.72
2018-08-16,36.49,88.06,31.87,29.32
2018-08-17,32.98,80.82,30.62,24.58
2018-08-18,32.11,77.4,30.9,26.17
2018-08-19,47.01,96.0,32.1,31.85
2018-08-20,61.1,125.39,39.36,32.54
2018-08-21,30.98,77.56,31.02,27.85
2018-08-22,29.75,74.91,25.33,28.18
2018-08-23,31.19,73.3,18.25,24.72
2018-08-24,23.71,88.0,19.29,24.6
2018-08-25,21.96,82.69,20.69,22.78
2018-08-26,23.96,77.21,24.77,19.92
2018-08-27,24.78,56.62,26.5,23.6
2018-08-28,29.26,58.76,21.91,25.52
2018-08-29,36.06,65.58,21.53,26.12
2018-08-30,41.26,95.47,27.06,28.28
2018-08-31,47.53,152.29,23.57,25.96
2018-09-01,45.19,110.35,19.58,28.51
2018-09-02,40.9,80.4,23.36,23.44
2018-09-03,42.06,72.38,26.15,27.63
2018-09-04,55.72,105.56,26.55,35.94
2018-09-05,39.77,101.8,20.64,30.63
2018-09-06,49.44,138.52,26.24,30.88
2018-09-07,42.11,87.03,28.23,37.91
2018-09-08,35.45,72.63,23.65,26.65
2018-09-09,29.1,56.92,26.36,23.58
2018-09-10,36.99,83.98,29.46,29.61
2018-09-11,28.33,78.11,23.21,26.0
2018-09-12,28.55,103.27,22.44,24.4
2018-09-13,27.49,115.88,23.11,23.21
2018-09-14,31.38,113.92,24.58,25.18
2018-09-15,37.48,125.81,25.86,27.72
2018-09-16,43.09,131.43,26.12,25.92
2018-09-17,55.86,157.59,35.01,29.15
2018-09-18,54.94,165.11,38.79,29.8
2018-09-19,58.63,175.12,40.04,37.36
2018-09-20,73.3,185.23,49.18,38.16
2018-09-21,46.73,112.51,30.31,26.7
2018-09-22,24.29,46.36,23.89,21.72
2018-09-23,30.71,54.77,28.89,19.88
2018-09-24,21.46,35.84,19.54,25.07
2018-09-25,21.45,49.41,22.48,25.67
2018-09-26,42.83,108.67,28.54,32.38
2018-09-27,71.44,171.42,35.24,37.42
2018-09-28,83.78,214.66,37.24,44.68
2018-09-29,92.46,230.62,41.92,46.15
2018-09-30,69.49,155.26,35.54,34.52
2018-10-01,65.78,177.08,38.52,40.86
2018-10-02,76.03,185.21,35.8,36.68
2018-10-03,63.37,177.17,36.72,42.57
2018-10-04,97.4,235.14,45.63,48.01
2018-10-05,121.12,270.61,44.88,53.69
2018-10-06,78.87,199.37,32.93,44.71
2018-10-07,81.14,221.03,42.38,44.81
2018-10-08,118.6,279.23,51.05,56.21
2018-10-09,103.26,263.89,52.46,54.24
2018-10-10,93.36,256.14,43.9,47.73
2018-10-11,70.42,208.39,37.04,37.74
2018-10-12,67.93,172.04,42.01,44.48
2018-10-13,132.93,264.13,42.0,49.89
2018-10-14,91.88,217.12,40.16,47.34
2018-10-15,115.96,280.24,44.92,55.44
2018-10-16,139.18,342.5,54.38,64.18
2018-10-17,137.29,323.31,44.29,52.81
2018-10-18,143.2,337.98,44.65,57.64
2018-10-19,137.73,313.84,51.05,54.31
2018-10-20,168.87,328.13,47.64,54.04
2018-10-21,141.15,294.36,42.61,55.77
2018-10-22,121.65,274.68,41.32,55.49
2018-10-23,119.4,302.16,44.7,63.32
2018-10-24,174.04,384.46,56.09,77.72
2018-10-25,168.82,368.33,62.29,72.23
2018-10-26,203.12,396.01,53.02,74.04
2018-10-27,206.05,408.94,52.9,77.3
2018-10-28,205.0,375.23,52.78,57.66
2018-10-29,231.83,427.06,53.2,62.22
2018-10-30,263.39,459.45,50.55,70.46
2018-10-31,225.17,405.94,47.05,68.02
2018-11-01,236.67,416.97,45.98,71.63
2018-11-02,205.44,373.61,46.13,65.98
2018-11-03,159.56,298.85,45.43,47.39
2018-11-04,97.27,179.85,51.96,34.18
2018-11-05,361.98,500.01,45.0,48.25
2018-11-06,177.88,312.87,45.01,43.78
2018-11-07,175.43,300.54,51.22,45.14
2018-11-08,420.3,509.73,38.35,64.57
2018-11-09,300.91,440.76,47.94,68.25
2018-11-10,288.86,447.4,42.55,79.5
2018-11-11,256.68,425.12,51.68,70.55
2018-11-12,271.7,464.28,53.37,71.88
2018-11-13,265.06,441.43,37.8,74.72
2018-11-14,136.2,225.77,31.95,59.36
2018-11-15,98.53,175.95,32.95,47.83
2018-11-16,138.49,230.56,40.74,42.41
2018-11-17,135.21,255.42,36.97,51.93
2018-11-18,166.43,313.67,39.51,61.82
2018-11-19,179.79,319.12,51.15,56.73
2018-11-20,224.1,374.77,46.03,63.96
2018-11-21,209.96,349.54,40.22,63.79
2018-11-22,139.02,292.92,37.22,74.93
2018-11-23,187.85,331.22,40.01,61.06
2018-11-24,107.73,223.33,37.48,46.57
2018-11-25,133.62,268.83,37.17,58.16
2018-11-26,200.69,362.41,39.8,68.3
2018-11-27,205.53,378.23,34.02,78.94
2018-11-28,193.1,356.12,34.61,69.6
2018-11-29,205.17,363.12,35.79,63.68
2018-11-30,190.36,340.56,35.79,56.74
2018-12-01,147.48,297.66,35.45,56.43
2018-12-02,164.63,331.5,39.35,67.18
2018-12-03,178.87,356.2,38.44,66.91
2018-12-04,211.57,393.74,38.12,74.17
2018-12-05,181.62,345.32,32.33,65.87
2018-12-06,218.06,395.33,40.87,71.73
2018-12-07,193.81,353.86,32.45,54.83
2018-12-08,202.83,358.72,37.6,59.06
2018-12-09,226.35,388.23,39.85,65.3
2018-12-10,264.63,453.77,42.51,66.58
2018-12-11,274.97,461.98,41.9,68.87
2018-12-12,209.63,327.23,36.34,55.1
2018-12-13,94.29,162.44,24.89,42.59
2018-12-14,113.42,196.85,27.74,45.22
2018-12-15,122.69,211.8,29.58,47.31
2018-12-16,150.28,252.01,32.7,50.86
2018-12-17,182.78,322.5,32.85,58.08
2018-12-18,204.08,339.38,37.13,61.34
2018-12-19,205.22,351.7,37.05,63.77
2018-12-20,258.1,429.33,40.5,68.97
2018-12-21,252.2,403.18,38.38,66.03
2018-12-22,326.79,502.83,44.98,78.71
2018-12-23,401.58,560.68,50.65,77.63
2018-12-24,378.68,546.59,43.25,75.26
2018-12-25,268.2,399.37,36.37,61.2
2018-12-26,241.0,366.1,39.09,65.2
2018-12-27,290.1,453.45,40.96,78.43
2018-12-28,249.23,387.84,37.38,60.59
2018-12-29,248.12,399.14,39.29,64.97
2018-12-30,336.42,503.99,42.87,76.89
2018-12-31,319.69,494.51,41.44,70.54
2019-01-01,287.34,461.02,39.58,69.46
2019-01-02,331.2,515.72,43.3,75.06
2019-01-03,355.4,519.34,39.77,66.2
2019-01-04,246.46,388.79,28.75,57.53
2019-01-05,262.53,411.49,36.33,60.35
2019-01-06,174.26,254.66,31.48,51.94
2019-01-07,181.74,283.88,27.11,52.45
2019-01-08,156.26,242.02,27.37,48.95
2019-01-09,143.66,238.94,30.9,49.49
2019-01-10,165.95,278.87,30.92,58.22
2019-01-11,278.95,432.2,35.61,76.71
2019-01-12,311.03,465.89,39.78,85.14
2019-01-13,272.45,403.32,37.53,66.11
2019-01-14,94.44,173.94,31.33,42.16
2019-01-15,134.57,229.1,29.85,52.45
2019-01-16,271.96,424.07,33.75,83.75
2019-01-17,358.91,519.49,39.76,84.74
2019-01-18,237.22,364.61,30.35,68.58
2019-01-19,262.68,402.21,34.75,77.9
2019-01-20,314.59,478.43,45.03,106.04
2019-01-21,175.49,289.4,32.77,63.04
2019-01-22,53.25,72.61,27.01,38.56
2019-01-23,135.68,211.71,26.51,48.14
2019-01-24,130.59,218.93,30.57,44.11
2019-01-25,81.2,136.43,30.01,40.03
2019-01-26,101.61,169.32,35.41,38.43
2019-01-27,136.47,217.45,33.34,45.27
2019-01-28,126.48,212.42,33.6,49.13
2019-01-29,142.0,235.85,33.83,51.47
2019-01-30,206.14,334.21,35.84,63.7
2019-01-31,204.25,335.07,37.52,65.7
2019-02-01,178.68,265.65,33.12,50.75
2019-02-02,177.32,266.3,30.88,35.89
2019-02-03,131.1,209.41,29.44,34.53
2019-02-04,144.62,248.49,33.42,52.85
2019-02-05,256.33,408.32,46.33,75.89
2019-02-06,177.25,270.92,34.4,50.55
2019-02-07,65.65,107.83,30.25,30.8
2019-02-08,72.29,156.6,30.59,39.24
2019-02-09,82.5,165.94,33.55,38.31
2019-02-10,143.31,255.47,33.03,49.26
2019-02-11,173.61,304.98,37.03,58.56
2019-02-12,208.64,357.36,43.29,66.37
2019-02-13,198.26,336.99,43.36,70.04
2019-02-14,153.73,237.08,32.61,53.15
2019-02-15,123.46,194.76,28.15,44.28
2019-02-16,112.34,181.64,26.45,33.33
2019-02-17,99.27,180.93,34.81,42.59
2019-02-18,109.11,215.05,33.69,56.12
2019-02-19,126.12,229.75,36.66,55.44
2019-02-20,102.3,185.4,23.68,51.88
2019-02-21,73.33,178.07,34.41,47.15
2019-02-22,73.9,147.86,28.45,33.95
2019-02-23,56.51,115.07,37.26,36.12
2019-02-24,89.34,161.89,38.02,46.26
2019-02-25,92.36,172.59,42.49,53.86
2019-02-26,59.97,120.3,32.19,50.31
2019-02-27,47.18,91.52,31.38,35.07
2019-02-28,96.38,180.46,35.95,45.02
2019-03-01,93.83,181.26,37.75,48.87
2019-03-02,109.6,182.54,25.07,62.05
2019-03-03,62.92,105.16,33.59,40.61
2019-03-04,105.93,180.84,38.13,40.1
2019-03-05,68.86,135.4,36.3,40.05
2019-03-06,83.45,168.32,33.71,45.3
2019-03-07,104.61,212.7,39.32,51.9
2019-03-08,92.07,199.28,37.86,51.75
2019-03-09,73.31,162.18,33.51,40.84
2019-03-10,73.98,163.8,44.11,44.17
2019-03-11,82.17,205.43,42.09,52.91
2019-03-12,57.28,129.4,37.15,37.45
2019-03-13,89.17,231.19,33.94,57.03
2019-03-14,111.2,217.74,28.81,48.81
2019-03-15,74.88,144.35,33.4,41.27
2019-03-16,68.64,140.6,43.66,40.6
2019-03-17,93.61,184.01,42.0,46.88
2019-03-18,100.32,202.01,43.21,50.33
2019-03-19,103.77,227.07,40.14,55.47
2019-03-20,89.82,237.61,40.41,54.67
2019-03-21,112.29,197.17,46.64,34.63
2019-03-22,38.43,119.87,46.73,32.19
2019-03-23,55.62,138.56,52.24,34.57
2019-03-24,53.28,133.47,42.57,34.25
2019-03-25,65.0,150.34,36.06,34.84
2019-03-26,75.82,169.16,41.35,40.8
2019-03-27,78.37,186.49,43.23,49.68
2019-03-28,116.55,260.26,48.44,60.18
2019-03-29,112.67,257.27,46.51,60.4
2019-03-30,102.27,238.99,51.49,53.75
2019-03-31,58.96,177.53,48.72,38.42
2019-04-01,59.08,170.14,54.95,38.55
2019-04-02,90.1,211.47,54.67,55.76
2019-04-03,85.02,206.04,51.06,54.91
2019-04-04,119.71,270.77,60.25,63.62
2019-04-05,125.44,281.53,57.0,64.7
2019-04-06,96.6,303.71,50.84,48.72
2019-04-07,152.91,355.22,53.16,44.64
2019-04-08,81.3,280.23,51.32,45.87
2019-04-09,87.74,225.5,57.86,53.88
2019-04-10,101.94,247.53,50.86,56.82
2019-04-11,70.25,204.19,48.59,47.54
2019-04-12,61.34,217.0,51.94,40.09
2019-04-13,55.93,175.93,45.3,37.89
2019-04-14,51.51,168.11,41.86,36.61
2019-04-15,54.84,187.59,42.3,41.92
2019-04-16,59.08,186.75,47.49,35.01
2019-04-17,22.14,62.49,45.44,26.84
2019-04-18,38.92,91.55,50.12,39.07
2019-04-19,71.62,155.39,45.45,47.56
2019-04-20,90.55,193.76,55.67,55.28
2019-04-21,95.24,219.06,50.13,58.95
2019-04-22,110.16,255.31,56.24,61.72
2019-04-23,104.17,277.28,53.24,63.45
2019-04-24,85.7,262.58,61.45,51.58
2019-04-25,86.41,274.39,65.26,39.89
2019-04-26,82.37,244.21,47.45,50.69
2019-04-27,73.06,301.82,52.16,39.8
2019-04-28,76.44,285.73,54.0,40.9
2019-04-29,84.04,274.83,50.32,52.04
2019-04-30,95.72,284.13,57.54,59.32
2019-05-01,111.57,323.97,65.95,63.15
2019-05-02,77.72,282.83,65.33,43.19
2019-05-03,52.16,149.1,64.36,49.82
2019-05-04,77.96,196.87,46.34,59.78
2019-05-05,101.25,249.97,52.97,55.16
2019-05-06,118.9,295.84,55.91,70.81
2019-05-07,128.78,378.89,40.32,69.77
2019-05-08,143.34,415.23,47.34,60.85
2019-05-09,137.2,414.7,50.71,51.13
2019-05-10,95.07,320.44,52.66,38.05
2019-05-11,101.83,289.05,62.02,42.02
2019-05-12,178.22,503.28,57.85,40.68
2019-05-13,170.81,351.28,67.84,50.88
2019-05-14,58.22,124.28,54.85,37.53
2019-05-15,84.81,191.04,41.85,57.75
2019-05-16,75.45,218.38,46.97,50.99
2019-05-17,92.53,316.4,46.42,45.67
2019-05-18,44.28,106.51,45.46,33.79
2019-05-19,81.99,162.83,59.34,45.8
2019-05-20,93.97,218.72,53.31,56.55
2019-05-21,77.78,194.58,55.06,47.58
2019-05-22,64.24,201.27,38.34,51.8
2019-05-23,92.4,230.0,55.29,52.71
2019-05-24,43.86,117.66,31.11,40.33
2019-05-25,43.66,118.65,51.47,34.52
2019-05-26,55.13,136.58,59.94,41.51
2019-05-27,64.66,172.68,53.59,53.92
2019-05-28,65.82,183.77,54.43,61.45
2019-05-29,74.8,202.75,57.99,65.84
2019-05-30,85.21,246.05,49.58,71.8
2019-05-31,88.57,337.77,58.49,56.83
2019-06-01,95.4,298.35,64.56,57.24
2019-06-02,73.36,219.79,60.84,32.22
2019-06-03,66.94,300.7,60.03,30.33
2019-06-04,54.95,171.58,65.82,36.0
2019-06-05,73.35,208.72,59.78,42.68
2019-06-06,70.61,236.45,61.04,44.85
2019-06-07,54.81,152.39,74.12,35.32
2019-06-08,69.75,187.62,63.64,51.0
2019-06-09,101.05,265.12,69.14,62.84
2019-06-10,74.48,233.49,55.95,61.53
2019-06-11,118.38,487.77,39.96,49.86
2019-06-12,59.86,240.88,62.12,30.46
2019-06-13,52.66,189.69,52.93,34.53
2019-06-14,53.79,188.21,59.31,37.07
2019-06-15,81.86,274.68,57.41,47.15
2019-06-16,42.06,160.96,46.81,20.56
2019-06-17,40.18,137.08,40.56,27.51
2019-06-18,30.39,84.53,48.99,32.32
2019-06-19,79.96,223.08,61.02,37.14
2019-06-20,42.76,130.88,68.57,31.19
2019-06-21,71.15,188.16,59.68,44.78
2019-06-22,68.27,177.16,69.18,44.12
2019-06-23,42.06,126.12,57.33,23.02
2019-06-24,26.29,85.68,37.78,25.93
2019-06-25,53.65,119.98,54.02,32.24
2019-06-26,67.36,155.9,46.26,37.39
2019-06-27,65.3,230.98,46.84,39.94
2019-06-28,61.21,239.15,38.39,38.37
2019-06-29,58.08,271.27,37.99,34.56
2019-06-30,65.24,270.03,44.4,33.03
2019-07-01,57.27,189.32,58.0,31.09
2019-07-02,71.68,233.25,64.82,28.13
2019-07-03,39.99,113.92,42.31,26.57
2019-07-04,36.82,87.8,28.2,29.23
2019-07-05,48.6,99.98,22.68,34.77
2019-07-06,34.25,87.5,33.71,29.91
2019-07-07,38.81,91.79,38.66,28.87
2019-07-08,49.12,148.79,35.11,32.85
2019-07-09,42.56,128.6,25.75,30.38
2019-07-10,69.21,278.71,28.65,31.36
2019-07-11,76.99,352.26,29.84,29.87
2019-07-12,76.35,363.7,28.38,26.97
2019-07-13,63.18,294.27,30.81,23.13
2019-07-14,63.16,280.99,32.77,25.1
2019-07-15,42.04,137.67,27.23,27.17
2019-07-16,31.51,79.22,30.05,27.54
2019-07-17,32.06,67.73,31.48,28.44
2019-07-18,32.92,78.08,30.75,37.14
2019-07-19,63.02,158.3,49.9,40.79
2019-07-20,46.43,117.84,29.1,37.1
2019-07-21,50.57,105.55,32.04,33.89
2019-07-22,60.38,119.66,34.79,33.03
2019-07-23,73.08,153.96,40.16,39.89
2019-07-24,63.26,156.93,33.1,40.29
2019-07-25,22.79,63.51,22.78,33.52
2019-07-26,30.63,61.26,27.72,31.61
2019-07-27,26.16,45.04,29.54,25.34
2019-07-28,21.13,46.35,30.62,21.89
2019-07-29,24.45,64.17,29.78,25.11
2019-07-30,30.1,82.81,27.42,26.92
2019-07-31,30.22,76.67,31.25,26.45
2019-08-01,34.26,85.89,32.51,28.4
2019-08-02,35.06,83.66,29.29,30.96
2019-08-03,38.54,80.35,27.74,31.0
2019-08-04,46.69,88.15,27.25,30.9
2019-08-05,52.2,104.96,28.66,34.64
2019-08-06,30.04,57.31,22.91,34.68
2019-08-07,32.63,72.98,29.87,31.82
2019-08-08,27.69,80.22,30.92,28.9
2019-08-09,14.59,61.47,26.17,22.08
2019-08-10,16.73,47.75,25.43,22.06
2019-08-11,25.53,67.15,26.21,25.93
2019-08-12,20.53,51.91,21.46,26.18
2019-08-13,21.68,56.18,20.73,27.12
2019-08-14,33.21,58.36,31.43,31.9
2019-08-15,28.78,56.28,23.58,25.03
2019-08-16,15.52,37.1,23.59,21.51
2019-08-17,10.24,19.51,16.51,19.1
2019-08-18,15.51,30.45,18.03,20.93
2019-08-19,38.55,86.13,28.06,28.59
2019-08-20,41.74,95.71,28.41,26.86
2019-08-21,46.69,129.46,31.18,32.68
2019-08-22,44.16,130.49,25.95,42.21
2019-08-23,50.49,142.76,28.57,40.32
2019-08-24,60.71,149.82,28.17,41.76
2019-08-25,33.49,67.82,24.22,31.71
2019-08-26,25.06,68.59,24.07,31.6
2019-08-27,40.68,107.99,36.98,34.48
2019-08-28,42.04,103.01,34.34,34.62
2019-08-29,33.92,90.29,30.97,30.6
2019-08-30,43.5,105.68,39.25,32.44
2019-08-31,57.16,123.23,33.71,40.79
2019-09-01,35.13,81.44,31.24,32.08
2019-09-02,46.15,101.79,39.18,31.91
2019-09-03,70.64,143.56,32.5,36.51
2019-09-04,73.33,150.39,36.13,36.99
2019-09-05,33.9,90.44,28.87,29.09
2019-09-06,35.81,89.47,27.22,30.05
2019-09-07,34.98,83.26,24.58,30.9
2019-09-08,32.83,77.01,32.4,26.84
2019-09-09,56.31,126.43,30.84,30.47
2019-09-10,64.48,144.47,40.53,34.12
2019-09-11,79.6,174.33,48.95,39.69
2019-09-12,57.83,132.61,32.08,34.01
2019-09-13,33.59,83.22,27.33,29.75
2019-09-14,26.65,69.36,28.64,26.05
2019-09-15,35.52,72.61,28.58,27.77
2019-09-16,56.6,129.47,35.4,36.18
2019-09-17,59.14,135.84,41.22,38.18
2019-09-18,35.41,97.32,37.19,31.3
2019-09-19,21.74,62.19,27.34,24.15
2019-09-20,40.33,106.47,29.76,31.73
2019-09-21,39.23,96.29,28.51,31.43
2019-09-22,26.51,65.65,21.15,30.66
2019-09-23,34.46,83.33,30.49,30.02
2019-09-24,35.88,96.22,28.92,34.98
2019-09-25,30.52,86.31,28.53,29.99
2019-09-26,22.9,69.49,24.16,27.25
2019-09-27,15.66,56.71,23.54,24.52
2019-09-28,22.52,66.98,22.22,26.18
2019-09-29,16.91,51.03,22.84,22.84
2019-09-30,29.42,81.97,26.67,27.89
2019-10-01,33.92,92.41,26.15,28.0
2019-10-02,40.16,96.13,34.94,29.72
2019-10-03,57.99,143.97,44.29,36.77
2019-10-04,43.07,94.9,32.54,34.07
2019-10-05,39.48,108.22,32.66,33.82
2019-10-06,58.75,140.15,40.18,36.98
2019-10-07,55.88,137.81,36.23,33.46
2019-10-08,44.85,116.56,38.81,33.4
2019-10-09,77.02,182.89,51.37,45.5
2019-10-10,100.82,215.18,53.51,50.32
2019-10-11,98.07,203.36,47.07,48.05
2019-10-12,103.45,209.42,44.45,48.54
2019-10-13,132.57,255.42,44.55,51.27
2019-10-14,116.33,239.47,43.59,50.83
2019-10-15,133.35,285.26,53.79,58.61
2019-10-16,146.37,279.78,55.69,53.03
2019-10-17,121.68,245.2,49.68,46.51
2019-10-18,90.41,203.39,42.7,39.62
2019-10-19,76.77,174.84,43.23,51.37
2019-10-20,98.05,203.14,33.47,48.83
2019-10-21,115.16,235.0,36.8,51.05
2019-10-22,93.51,213.26,39.48,50.05
2019-10-23,122.12,268.58,44.15,57.92
2019-10-24,173.56,346.51,57.94,67.36
2019-10-25,129.9,270.87,52.25,52.55
2019-10-26,148.73,290.6,50.59,56.43
2019-10-27,198.81,321.68,47.27,48.37
2019-10-28,301.39,420.35,42.79,48.45
2019-10-29,287.56,440.77,33.2,60.03
2019-10-30,279.32,454.35,34.86,63.87
2019-10-31,314.32,500.04,38.29,71.37
2019-11-01,388.45,584.15,49.77,73.61
2019-11-02,320.26,467.74,35.0,54.1
2019-11-03,582.28,706.58,33.91,49.67
2019-11-04,272.3,386.16,36.82,44.53
2019-11-05,190.41,296.98,39.23,44.32
2019-11-06,101.09,207.19,29.77,54.77
2019-11-07,182.47,292.56,23.72,51.64
2019-11-08,154.14,253.44,32.33,52.79
2019-11-09,140.8,230.5,30.42,44.01
2019-11-10,192.35,296.44,38.5,50.35
2019-11-11,252.48,380.54,42.35,61.36
2019-11-12,384.34,529.59,48.8,66.1
2019-11-13,383.36,541.19,39.52,73.6
2019-11-14,371.42,545.66,26.54,82.63
2019-11-15,423.52,576.12,37.71,59.35
2019-11-16,174.03,293.0,31.94,42.35
2019-11-17,96.34,165.5,27.01,33.78
2019-11-18,108.4,181.67,30.33,40.05
2019-11-19,126.92,218.13,31.56,52.79
2019-11-20,175.19,295.47,38.99,77.62
2019-11-21,217.7,363.77,48.43,91.65
2019-11-22,201.17,332.6,41.54,75.08
2019-11-23,130.41,224.14,25.58,52.7
2019-11-24,107.86,178.21,29.6,43.51
2019-11-25,122.37,213.67,31.86,53.29
2019-11-26,114.27,225.78,39.21,53.83
2019-11-27,65.7,128.1,30.2,42.94
2019-11-28,31.03,58.6,28.72,32.3
2019-11-29,53.79,100.29,24.66,41.9
2019-11-30,96.96,159.36,23.38,45.04
2019-12-01,123.66,192.47,32.28,50.39
2019-12-02,141.12,229.08,32.54,57.23
2019-12-03,140.07,241.56,32.57,60.85
2019-12-04,163.24,277.92,33.48,71.65
2019-12-05,271.99,416.79,42.41,91.53
2019-12-06,241.69,362.1,32.34,69.73
2019-12-07,233.79,348.44,33.69,66.41
2019-12-08,239.98,355.16,32.51,68.59
2019-12-09,200.33,311.58,29.47,68.28
2019-12-10,236.4,363.3,38.14,72.63
2019-12-11,299.85,452.65,41.46,85.56
2019-12-12,284.18,412.59,44.13,64.36
2019-12-13,94.62,124.26,29.14,41.21
2019-12-14,78.59,128.36,22.94,41.29
2019-12-15,94.67,151.57,22.96,39.9
2019-12-16,88.05,133.11,22.1,35.06
2019-12-17,93.07,140.23,24.27,32.7
2019-12-18,144.0,214.88,32.08,44.41
2019-12-19,261.16,385.13,28.22,55.64
2019-12-20,316.09,449.06,29.05,60.58
2019-12-21,249.87,353.94,23.62,50.24
2019-12-22,146.81,202.05,21.48,38.96
2019-12-23,171.47,240.19,23.8,39.83
2019-12-24,262.69,401.03,28.17,56.72
2019-12-25,166.71,258.28,21.13,39.77
2019-12-26,196.97,299.85,25.73,45.08
2019-12-27,240.07,371.45,27.55,54.6
2019-12-28,275.6,426.12,27.92,55.98
2019-12-29,326.79,500.15,35.11,57.76
2019-12-30,333.43,486.35,26.44,55.61
2019-12-31,245.53,338.18,28.07,47.5
2020-01-01,372.14,483.87,39.58,64.18
2020-01-02,327.04,439.31,36.5,64.8
2020-01-03,228.9,337.04,27.82,55.65
2020-01-04,220.6,327.22,29.94,57.67
2020-01-05,170.21,257.94,30.21,48.25
2020-01-06,159.64,247.47,21.99,51.19
2020-01-07,120.31,176.22,22.82,44.9
2020-01-08,117.98,145.85,17.63,38.64
2020-01-09,89.26,132.06,22.0,32.3
2020-01-10,130.82,203.54,27.25,45.12
2020-01-11,151.1,245.62,30.98,53.28
2020-01-12,207.23,325.36,32.47,59.91
2020-01-13,218.98,329.77,27.98,55.04
2020-01-14,115.62,163.67,21.62,38.08
2020-01-15,111.57,179.08,26.19,47.45
2020-01-16,139.06,197.9,18.63,44.21
2020-01-17,107.65,152.98,18.97,36.19
2020-01-18,125.3,198.24,19.93,43.78
2020-01-19,125.04,187.93,25.86,34.18
2020-01-20,142.18,225.67,24.64,38.21
2020-01-21,222.81,348.45,27.6,48.18
2020-01-22,198.88,296.98,24.63,44.3
2020-01-23,74.45,137.61,27.73,35.26
2020-01-24,79.83,151.81,30.53,44.0
2020-01-25,136.72,240.57,26.8,56.31
2020-01-26,201.2,309.09,32.7,50.94
2020-01-27,209.97,330.91,26.6,67.09
2020-01-28,104.45,149.12,23.29,42.01
2020-01-29,77.95,134.17,23.96,42.24
2020-01-30,91.56,168.43,24.23,45.04
2020-01-31,92.04,170.33,24.36,47.35
2020-02-01,112.13,201.19,29.22,44.25
2020-02-02,120.86,200.9,29.69,45.28
2020-02-03,138.5,243.43,33.94,53.71
2020-02-04,188.42,340.56,41.0,64.8
2020-02-05,150.08,255.41,32.03,53.35
2020-02-06,118.57,205.43,33.75,51.82
2020-02-07,150.15,253.82,34.75,58.46
2020-02-08,149.67,238.17,35.72,47.55
2020-02-09,151.43,247.62,36.29,50.75
2020-02-10,174.4,292.44,31.92,56.48
2020-02-11,176.57,306.12,37.22,60.12
2020-02-12,172.12,295.05,37.86,55.96
2020-02-13,95.72,179.78,36.8,41.59
2020-02-14,73.84,172.28,43.62,34.6
2020-02-15,83.07,174.78,42.21,44.57
2020-02-16,132.63,237.81,40.01,57.15
2020-02-17,158.69,282.84,38.6,61.17
2020-02-18,125.53,238.91,42.7,59.91
2020-02-19,138.46,286.39,44.29,59.9
2020-02-20,98.84,223.69,55.32,44.05
2020-02-21,53.11,85.49,39.58,33.27
2020-02-22,63.62,123.44,32.03,41.23
2020-02-23,105.71,182.2,35.15,42.24
2020-02-24,70.59,145.05,33.36,44.2
2020-02-25,127.75,224.02,35.32,46.76
2020-02-26,141.81,258.62,38.64,50.67
2020-02-27,107.28,203.77,36.36,46.15
2020-02-28,83.48,161.36,41.53,33.92
2020-02-29,60.01,115.82,37.35,33.98
2020-03-01,42.83,91.88,39.84,40.73
2020-03-02,99.34,203.51,36.64,50.23
2020-03-03,86.26,188.73,32.39,46.6
2020-03-04,82.9,193.79,41.77,45.62
2020-03-05,31.43,67.5,36.98,32.97
2020-03-06,21.32,38.5,33.52,33.71
2020-03-07,40.96,85.45,35.47,35.53
2020-03-08,72.1,140.22,34.59,37.14
2020-03-09,58.04,133.75,34.54,32.29
2020-03-10,84.35,160.91,47.66,30.22
2020-03-11,55.19,112.57,42.36,29.76
2020-03-12,56.92,155.18,34.27,36.74
2020-03-13,68.72,209.02,37.42,40.53
2020-03-14,39.41,85.26,29.17,34.59
2020-03-15,60.99,124.24,37.25,41.09
2020-03-16,61.61,144.37,38.38,41.52
2020-03-17,69.7,160.15,40.59,43.5
2020-03-18,68.93,162.56,41.73,45.86
2020-03-19,90.62,195.15,43.16,45.67
2020-03-20,90.31,200.79,48.23,51.26
2020-03-21,82.39,184.81,43.19,46.04
2020-03-22,78.61,134.46,47.67,29.85
2020-03-23,54.26,100.55,46.48,25.96
2020-03-24,55.85,103.62,38.23,27.07
2020-03-25,37.87,68.03,32.11,21.11
2020-03-26,45.69,75.81,30.59,16.58
2020-03-27,26.89,45.48,27.38,15.32
2020-03-28,21.23,34.15,25.06,17.52
2020-03-29,27.59,55.75,35.75,16.6
2020-03-30,35.08,64.66,40.26,17.52
2020-03-31,35.31,67.01,40.96,18.03
2020-04-01,32.88,65.84,35.06,19.17
2020-04-02,28.51,61.06,39.47,17.18
2020-04-03,31.36,62.69,46.82,20.07
2020-04-04,40.79,77.64,41.26,22.38
2020-04-05,51.79,96.88,44.55,24.42
2020-04-06,59.91,114.88,44.16,24.37
2020-04-07,33.12,94.02,42.65,19.27
2020-04-08,29.7,79.04,45.8,18.56
2020-04-09,36.13,76.32,48.34,21.37
2020-04-10,57.67,112.93,40.36,27.12
2020-04-11,53.03,118.1,49.51,23.64
2020-04-12,38.57,92.7,50.15,17.59
2020-04-13,60.6,136.77,41.07,23.4
2020-04-14,58.22,144.7,40.74,25.71
2020-04-15,58.31,190.98,38.22,24.55
2020-04-16,69.8,191.17,41.87,25.01
2020-04-17,26.93,89.58,53.53,15.83
2020-04-18,29.09,102.53,49.14,15.45
2020-04-19,35.49,73.86,40.53,19.72
2020-04-20,52.86,113.25,32.67,24.56
2020-04-21,37.17,87.27,48.56,19.64
2020-04-22,58.25,130.99,46.94,24.79
2020-04-23,54.71,127.82,43.99,24.83
2020-04-24,65.91,138.46,47.98,25.62
2020-04-25,33.09,85.83,54.53,18.68
2020-04-26,40.24,117.1,47.16,17.45
2020-04-27,27.18,53.02,53.43,14.8
2020-04-28,41.75,80.36,58.96,17.35
2020-04-29,55.18,114.91,58.57,20.11
2020-04-30,49.96,115.63,59.55,17.61
2020-05-01,61.04,143.11,56.81,18.46
2020-05-02,34.67,107.36,60.45,14.36
2020-05-03,32.56,83.02,49.04,15.14
2020-05-04,26.63,60.59,50.56,16.95
2020-05-05,56.24,115.91,52.12,21.36
2020-05-06,58.44,169.61,53.95,21.88
2020-05-07,36.02,88.35,73.11,17.97
2020-05-08,51.09,120.82,74.28,21.66
2020-05-09,54.18,126.9,76.32,17.65
2020-05-10,44.3,110.39,63.71,16.46
2020-05-11,43.26,93.49,64.6,19.53
2020-05-12,43.19,94.4,64.1,18.49
2020-05-13,68.8,159.2,52.2,21.34
2020-05-14,56.17,126.53,50.22,25.12
2020-05-15,47.44,101.93,53.08,23.45
2020-05-16,81.87,151.8,63.12,26.17
2020-05-17,98.63,187.24,59.79,31.96
2020-05-18,101.02,192.68,53.55,34.76
2020-05-19,106.63,208.65,57.05,42.67
2020-05-20,67.8,155.41,62.34,32.8
2020-05-21,55.92,163.77,62.56,31.36
2020-05-22,94.37,213.47,55.45,45.36
2020-05-23,74.92,209.49,41.87,42.43
2020-05-24,55.37,179.3,53.31,27.35
2020-05-25,61.46,162.41,54.74,30.92
2020-05-26,55.38,190.11,38.73,37.79
2020-05-27,43.22,161.76,66.77,26.95
2020-05-28,39.07,229.55,55.92,17.1
2020-05-29,24.62,66.66,47.48,19.02
2020-05-30,23.09,53.19,50.29,18.51
2020-05-31,21.51,40.43,42.29,17.05
2020-06-01,41.05,80.47,50.57,22.99
2020-06-02,45.9,98.32,50.06,24.78
2020-06-03,50.62,114.01,52.16,28.02
2020-06-04,68.24,143.79,39.14,34.11
2020-06-05,42.43,87.05,44.83,25.87
2020-06-06,35.14,80.49,51.46,21.25
2020-06-07,39.99,91.17,45.4,22.65
2020-06-08,46.9,103.27,51.77,25.81
2020-06-09,64.77,148.67,49.14,32.01
2020-06-10,58.9,156.29,40.8,34.31
2020-06-11,54.69,134.36,40.63,30.94
2020-06-12,64.0,152.7,43.37,30.05
2020-06-13,52.36,129.33,34.95,25.46
2020-06-14,71.08,150.28,38.86,26.01
2020-06-15,48.69,120.23,48.39,25.95
2020-06-16,39.87,107.99,51.4,24.58
2020-06-17,34.35,92.58,48.72,16.94
2020-06-18,36.84,100.62,47.98,18.32
2020-06-19,57.6,205.56,40.95,17.78
2020-06-20,35.96,108.73,36.24,20.37
2020-06-21,39.7,95.63,33.92,23.7
2020-06-22,39.47,77.48,42.76,20.61
2020-06-23,29.02,64.12,28.64,16.39
2020-06-24,30.91,62.61,24.77,16.84
2020-06-25,38.37,77.76,25.92,21.41
2020-06-26,50.01,112.08,24.82,22.06
2020-06-27,39.8,155.94,18.88,21.46
2020-06-28,59.52,308.65,18.05,21.6
2020-06-29,44.86,184.12,26.61,21.57
2020-06-30,39.8,91.98,37.29,17.96
2020-07-01,54.01,128.66,29.73,21.05
